report_date,canvas_id,canvas_name,step_id,step_name,channel,campaign_start_date,campaign_end_date,request_count,delivered_count,open_count,show_count,link_eligible_count,click_count
10/7/2026,740716308217,"[Referral Comms] - Post Trip Push - PER/GC/NTL - 010726 - 310726",987569903347,"Push Notification",Push,2026-07-01,2026-07-31,3627,3465,1378,3465,3465,72
8/8/2026,794948729040,"[QLD] - BNE_W32_Ekka",938335507213,"Push Notification",Push,2026-07-01,2026-07-31,84013,80014,32004,80014,80014,2500
8/8/2026,760115651527,"[Referral Comms] - Post Trip Push - All AU (ex-PER/GC/NTL) - 010726 - 310826",717863995066,"Push Notification",Push,2026-07-01,2026-07-31,15379,14658,5855,14658,14658,338
19/6/2026,656129969041,"[Re-active] - ADL - 260615",442279607936,"Push Notification",Push,2026-07-01,2026-07-31,3581,3412,1364,3412,3412,86
19/6/2026,863151917551,"World Cup - Australia v USA - National - 20260617",637151655477,"Push Notification",Push,2026-07-01,2026-07-31,443424,422310,168923,422310,422310,16082
19/6/2026,517618658746,"[Referral Comms] - Post Trip Push - PER/GC/NTL - 010426 - 300626",737810498056,"Push Notification",Push,2026-07-01,2026-07-31,3211,3068,1217,3068,3068,62
19/6/2026,831502419927,"[LV Recall] - Churned - BNE/CBR/PER- 150626",969335868602,"Push Notification",Push,2026-07-01,2026-07-31,8729,8314,3324,8314,8314,411
8/8/2026,741753840511,"[Welcomepack] Sydney - 010726 - 310826",486833611920,"Push Notification",Push,2026-07-01,2026-07-31,151,151,36,151,151,9
4/6/2026,517618658746,"[Referral Comms] - Post Trip Push - PER/GC/NTL - 010426 - 300626",737810498056,"Push Notification",Push,2026-07-01,2026-07-31,2950,2821,1117,2821,2821,61
29/7/2026,761314780517,"[HP Grower Unclear LP] - SYD - 260727",966579040476,"Push Notification",Push,2026-07-01,2026-07-31,13198,12570,5027,12570,12570,444
29/7/2026,740716308217,"[Referral Comms] - Post Trip Push - PER/GC/NTL - 010726 - 310726",987569903347,"Push Notification",Push,2026-07-01,2026-07-31,2953,2824,1122,2824,2824,84
29/7/2026,760115651527,"[Referral Comms] - Post Trip Push - All AU (ex-PER/GC/NTL) - 010726 - 310826",717863995066,"Push Notification",Push,2026-07-01,2026-07-31,10079,9612,3834,9612,9612,260
29/7/2026,,"",411553922808,"Push Notification",Push,2026-07-01,2026-07-31,1633,1570,599,1570,1570,232
29/7/2026,353872672811,"[Welcomepack] Melbourne - 150726 - 310826",482901241445,"Push Notification",Push,2026-07-01,2026-07-31,276,275,81,275,275,12
22/5/2026,900134326748,"[QLD] - BNE_W21",242005929308,"Push Notification",Push,2026-07-01,2026-07-31,64582,61509,24602,61509,61509,1850
22/5/2026,793168965925,"[Welcomepack] Sydney - 270326 - 310526",646839636533,"Push Notification",Push,2026-07-01,2026-07-31,105,105,27,105,105,6
27/6/2026,518885434739,"[Welcomepack] Brisbane - 010626 - 300626",178612718989,"Push Notification",Push,2026-07-01,2026-07-31,56,56,7,56,56,1
27/6/2026,767066119293,"[Welcomepack] Sydney - 010626 - 300626",223926884028,"Push Notification",Push,2026-07-01,2026-07-31,109,109,24,109,109,5
20/7/2026,740716308217,"[Referral Comms] - Post Trip Push - PER/GC/NTL - 010726 - 310726",987569903347,"Push Notification",Push,2026-07-01,2026-07-31,2795,2674,1061,2674,2674,70
19/5/2026,213827814069,"[Recall] HV Silent - ALL AU - 180526",863572551155,"Push Notification",Push,2026-07-01,2026-07-31,7051,6716,2686,6716,6716,244
19/5/2026,338585231785,"[Referral Comms] - Post Trip Push - All AU (ex-PER/GC/NTL) - 010426 - 300626",185785203882,"Push Notification",Push,2026-07-01,2026-07-31,8583,8185,3264,8185,8185,230
19/5/2026,721543876442,"[Welcomepack] Melbourne - 270326 - 310526",728716379637,"Push Notification",Push,2026-07-01,2026-07-31,164,164,53,164,164,9
12/6/2026,338585231785,"[Referral Comms] - Post Trip Push - All AU (ex-PER/GC/NTL) - 010426 - 300626",185785203882,"Push Notification",Push,2026-07-01,2026-07-31,11872,11319,4519,11319,11319,281
13/7/2026,100332424777,"[Survey] SYD Airport Pick-up - PCAA+PCBA - 20260713",660141995456,"Push Notification",Push,2026-07-01,2026-07-31,441,420,168,420,420,35
13/7/2026,741753840511,"[Welcomepack] Sydney - 010726 - 310826",486833611920,"Push Notification",Push,2026-07-01,2026-07-31,110,110,29,110,110,4
13/7/2026,302782708851,"[Growth] - NTL - 260713",579447747478,"Push Notification",Push,2026-07-01,2026-07-31,172,165,65,165,165,3
12/6/2026,939608967791,"[Welcomepack] Adelaide - 010626 - 300626",854628660238,"Push Notification",Push,2026-07-01,2026-07-31,36,36,6,36,36,2
5/8/2026,887637505649,"[Velocity] Launch - All AU PAX - 260617",264834701700,"Push Notification",Push,2026-07-01,2026-07-31,375409,357535,143012,357535,357535,8881
14/7/2026,590650297996,"SORELOSER PER/GEE",286728839026,"Push Notification",Push,2026-07-01,2026-07-31,64871,61782,24712,61782,61782,1958
14/7/2026,760115651527,"[Referral Comms] - Post Trip Push - All AU (ex-PER/GC/NTL) - 010726 - 310826",717863995066,"Push Notification",Push,2026-07-01,2026-07-31,7427,7084,2827,7084,7084,197
14/7/2026,302782708851,"[Growth] - NTL - 260713",199443057622,"Push Notification",Push,2026-07-01,2026-07-31,176,169,67,169,169,4
14/7/2026,740716308217,"[Referral Comms] - Post Trip Push - PER/GC/NTL - 010726 - 310726",987569903347,"Push Notification",Push,2026-07-01,2026-07-31,2334,2235,885,2235,2235,63
14/7/2026,396237798717,"[Welcomepack] Melbourne - 010726 - 310826",901607331825,"Push Notification",Push,2026-07-01,2026-07-31,171,171,50,171,171,13
14/7/2026,451622462559,"SYD/ADL Airport Pick-up Survey",880678553132,"Push Notification",Push,2026-07-01,2026-07-31,158,158,47,158,158,7
4/8/2026,981527024761,"[Welcomepack] Brisbane - 150726 - 310826",893890130213,"Push Notification",Push,2026-07-01,2026-07-31,99,99,25,99,99,6
4/8/2026,760115651527,"[Referral Comms] - Post Trip Push - All AU (ex-PER/GC/NTL) - 010726 - 310826",717863995066,"Push Notification",Push,2026-07-01,2026-07-31,9368,8932,3565,8932,8932,266
5/8/2026,981527024761,"[Welcomepack] Brisbane - 150726 - 310826",893890130213,"Push Notification",Push,2026-07-01,2026-07-31,123,123,32,123,123,10
16/7/2026,760115651527,"[Referral Comms] - Post Trip Push - All AU (ex-PER/GC/NTL) - 010726 - 310826",717863995066,"Push Notification",Push,2026-07-01,2026-07-31,10695,10197,4069,10197,10197,246
7/6/2026,,"",633323882304,"Push Notification",Push,2026-07-01,2026-07-31,298,288,96,288,288,51
6/8/2026,741753840511,"[Welcomepack] Sydney - 010726 - 310826",486833611920,"Push Notification",Push,2026-07-01,2026-07-31,184,184,51,184,184,3
8/5/2026,346213051431,"[LV Recall] - Churned - BNE/MEL - 040526",285271239877,"Push Notification",Push,2026-07-01,2026-07-31,13578,12933,5172,12933,12933,706
8/5/2026,338585231785,"[Referral Comms] - Post Trip Push - All AU (ex-PER/GC/NTL) - 010426 - 300626",185785203882,"Push Notification",Push,2026-07-01,2026-07-31,13164,12549,5009,12549,12549,312
18/6/2026,,"",967781954257,"Push Notification",Push,2026-07-01,2026-07-31,521,503,179,503,503,105
8/7/2026,,"",879127350624,"Push Notification",Push,2026-07-01,2026-07-31,45986,43810,17490,43810,43810,3801
8/7/2026,740716308217,"[Referral Comms] - Post Trip Push - PER/GC/NTL - 010726 - 310726",987569903347,"Push Notification",Push,2026-07-01,2026-07-31,2791,2671,1060,2671,2671,65
8/5/2026,130379290700,"[HV Recall] - Churned - BNE/MEL - 040526",858756848366,"Push Notification",Push,2026-07-01,2026-07-31,15012,14298,5718,14298,14298,798
18/6/2026,767066119293,"[Welcomepack] Sydney - 010626 - 300626",223926884028,"Push Notification",Push,2026-07-01,2026-07-31,190,190,57,190,190,10
22/5/2026,517618658746,"[Referral Comms] - Post Trip Push - PER/GC/NTL - 010426 - 300626",737810498056,"Push Notification",Push,2026-07-01,2026-07-31,3990,3811,1515,3811,3811,96
6/8/2026,630985266681,"[Welcomepack] Adelaide - 010726 - 310826",346225872989,"Push Notification",Push,2026-07-01,2026-07-31,36,36,6,36,36,1
24/6/2026,338585231785,"[Referral Comms] - Post Trip Push - All AU (ex-PER/GC/NTL) - 010426 - 300626",185785203882,"Push Notification",Push,2026-07-01,2026-07-31,8715,8310,3316,8310,8310,198
27/7/2026,758261314664,"[Recall] HV Silent - ALL AU - 270726",706511922478,"Push Notification",Push,2026-07-01,2026-07-31,17315,16491,6595,16491,16491,592
27/7/2026,760115651527,"[Referral Comms] - Post Trip Push - All AU (ex-PER/GC/NTL) - 010726 - 310826",717863995066,"Push Notification",Push,2026-07-01,2026-07-31,9619,9172,3660,9172,9172,230
27/7/2026,740716308217,"[Referral Comms] - Post Trip Push - PER/GC/NTL - 010726 - 310726",987569903347,"Push Notification",Push,2026-07-01,2026-07-31,2533,2423,961,2423,2423,58
24/6/2026,,"",622373320838,"Push Notification",Push,2026-07-01,2026-07-31,6541,6235,2475,6235,6235,375
15/7/2026,760115651527,"[Referral Comms] - Post Trip Push - All AU (ex-PER/GC/NTL) - 010726 - 310826",717863995066,"Push Notification",Push,2026-07-01,2026-07-31,8833,8426,3363,8426,8426,200
15/7/2026,740716308217,"[Referral Comms] - Post Trip Push - PER/GC/NTL - 010726 - 310726",987569903347,"Push Notification",Push,2026-07-01,2026-07-31,2941,2813,1117,2813,2813,73
22/5/2026,,"",779516641674,"Push Notification",Push,2026-07-01,2026-07-31,580,561,205,561,561,74
25/5/2026,517618658746,"[Referral Comms] - Post Trip Push - PER/GC/NTL - 010426 - 300626",737810498056,"Push Notification",Push,2026-07-01,2026-07-31,2492,2383,946,2383,2383,57
25/5/2026,793168965925,"[Welcomepack] Sydney - 270326 - 310526",646839636533,"Push Notification",Push,2026-07-01,2026-07-31,126,126,34,126,126,4
31/5/2026,338585231785,"[Referral Comms] - Post Trip Push - All AU (ex-PER/GC/NTL) - 010426 - 300626",185785203882,"Push Notification",Push,2026-07-01,2026-07-31,10396,9912,3954,9912,9912,293
31/5/2026,721543876442,"[Welcomepack] Melbourne - 270326 - 310526",728716379637,"Push Notification",Push,2026-07-01,2026-07-31,141,141,44,141,141,8
31/5/2026,964475539071,"[Welcomepack] ROA - 270326 - 310526",273175774218,"Push Notification",Push,2026-07-01,2026-07-31,31,31,5,31,31,1
31/5/2026,618876829781,"[Welcomepack] Brisbane - 270326 - 310526",100774271415,"Push Notification",Push,2026-07-01,2026-07-31,54,54,13,54,54,3
22/5/2026,585941796532,"[Welcomepack] Perth - 270326-310526",120920194274,"Push Notification",Push,2026-07-01,2026-07-31,50,50,9,50,50,2
12/5/2026,338585231785,"[Referral Comms] - Post Trip Push - All AU (ex-PER/GC/NTL) - 010426 - 300626",185785203882,"Push Notification",Push,2026-07-01,2026-07-31,8438,8046,3207,8046,8046,205
12/5/2026,517618658746,"[Referral Comms] - Post Trip Push - PER/GC/NTL - 010426 - 300626",737810498056,"Push Notification",Push,2026-07-01,2026-07-31,2704,2587,1026,2587,2587,71
12/5/2026,399208062288,"[Growth] - BNE - 260511 to 260517",842488771129,"Push Notification",Push,2026-07-01,2026-07-31,7477,7130,2841,7130,7130,244
30/7/2026,760115651527,"[Referral Comms] - Post Trip Push - All AU (ex-PER/GC/NTL) - 010726 - 310826",717863995066,"Push Notification",Push,2026-07-01,2026-07-31,10960,10448,4168,10448,10448,272
30/7/2026,288754105149,"[Welcomepack] ROA - 010726 - 310826",712286265065,"Push Notification",Push,2026-07-01,2026-07-31,49,49,6,49,49,7
30/7/2026,,"",779516641674,"Push Notification",Push,2026-07-01,2026-07-31,3466,3323,1294,3323,3323,512
30/6/2026,338585231785,"[Referral Comms] - Post Trip Push - All AU (ex-PER/GC/NTL) - 010426 - 300626",185785203882,"Push Notification",Push,2026-07-01,2026-07-31,8366,7978,3180,7978,7978,219
30/6/2026,648028973443,"[Welcomepack] Melbourne - 010626 - 300626",537822999599,"Push Notification",Push,2026-07-01,2026-07-31,197,197,62,197,197,9
30/6/2026,517618658746,"[Referral Comms] - Post Trip Push - PER/GC/NTL - 010426 - 300626",737810498056,"Push Notification",Push,2026-07-01,2026-07-31,2775,2651,1051,2651,2651,75
30/6/2026,732567329072,"[Welcomepack] Perth - 010626-300626",387509162941,"Push Notification",Push,2026-07-01,2026-07-31,91,91,20,91,91,3
10/8/2026,110732955884,"[Reactivation] - Non-PFT - SYD - A/B Test - 100826",784359506968,"Push Notification",Push,2026-07-01,2026-07-31,3201,3050,1219,3050,3050,109
10/8/2026,277051823107,"perp机场discount push",375163866828,"Push Notification",Push,2026-07-01,2026-07-31,114,114,36,114,114,6
3/7/2026,820479929260,"[HV Recall] - Extra Churned - All AU - 030726 V2",141850306811,"Push Notification",Push,2026-07-01,2026-07-31,39715,37825,15129,37825,37825,1193
3/7/2026,740716308217,"[Referral Comms] - Post Trip Push - PER/GC/NTL - 010726 - 310726",987569903347,"Push Notification",Push,2026-07-01,2026-07-31,3942,3765,1499,3765,3765,102
17/7/2026,740716308217,"[Referral Comms] - Post Trip Push - PER/GC/NTL - 010726 - 310726",987569903347,"Push Notification",Push,2026-07-01,2026-07-31,3731,3565,1418,3565,3565,80
1/6/2026,308884873666,"[Recall] LV Silent - All AU - 010626",216153597006,"Push Notification",Push,2026-07-01,2026-07-31,53774,51215,20483,51215,51215,2471
1/6/2026,318334167788,"[Recall] HV Silent - ALL AU - 010626",820216000768,"Push Notification",Push,2026-07-01,2026-07-31,14211,13536,5413,13536,13536,468
1/6/2026,356448025672,"[Re-active] - GC - 260601-260607",326677111472,"Push Notification",Push,2026-07-01,2026-07-31,1562,1489,595,1489,1489,61
1/6/2026,338585231785,"[Referral Comms] - Post Trip Push - All AU (ex-PER/GC/NTL) - 010426 - 300626",185785203882,"Push Notification",Push,2026-07-01,2026-07-31,8522,8127,3241,8127,8127,205
25/6/2026,338585231785,"[Referral Comms] - Post Trip Push - All AU (ex-PER/GC/NTL) - 010426 - 300626",185785203882,"Push Notification",Push,2026-07-01,2026-07-31,9824,9367,3739,9367,9367,242
9/7/2026,740716308217,"[Referral Comms] - Post Trip Push - PER/GC/NTL - 010726 - 310726",987569903347,"Push Notification",Push,2026-07-01,2026-07-31,3350,3200,1270,3200,3200,77
9/7/2026,,"",959999199774,"Push Notification",Push,2026-07-01,2026-07-31,1200,1151,439,1151,1151,132
8/5/2026,687288798198,"[Growth] - BNE - 260504 to 260509",713192233970,"Push Notification",Push,2026-07-01,2026-07-31,199,199,59,199,199,15
25/6/2026,517618658746,"[Referral Comms] - Post Trip Push - PER/GC/NTL - 010426 - 300626",737810498056,"Push Notification",Push,2026-07-01,2026-07-31,2970,2837,1125,2837,2837,77
17/6/2026,338585231785,"[Referral Comms] - Post Trip Push - All AU (ex-PER/GC/NTL) - 010426 - 300626",185785203882,"Push Notification",Push,2026-07-01,2026-07-31,9633,9187,3665,9187,9187,251
2/7/2026,740716308217,"[Referral Comms] - Post Trip Push - PER/GC/NTL - 010726 - 310726",987569903347,"Push Notification",Push,2026-07-01,2026-07-31,4231,4042,1606,4042,4042,85
13/6/2026,943231771893,"[Re-active]-BNE-260608 to 260614",221061608029,"Push Notification",Push,2026-07-01,2026-07-31,370,369,128,369,369,17
13/6/2026,517618658746,"[Referral Comms] - Post Trip Push - PER/GC/NTL - 010426 - 300626",737810498056,"Push Notification",Push,2026-07-01,2026-07-31,3588,3428,1361,3428,3428,90
13/6/2026,177848202834,"[Survey] SYD Airport Pick-up - Express + Travel",646348488601,"Push Notification",Push,2026-07-01,2026-07-31,33,33,2,33,33,5
13/6/2026,,"",347756198627,"Push Notification",Push,2026-07-01,2026-07-31,11179,10654,4243,10654,10654,921
26/5/2026,338585231785,"[Referral Comms] - Post Trip Push - All AU (ex-PER/GC/NTL) - 010426 - 300626",185785203882,"Push Notification",Push,2026-07-01,2026-07-31,8240,7857,3134,7857,7857,221
26/5/2026,494416653462,"[Velocity] 4.0 - 260520",372962322169,"Push Notification",Push,2026-07-01,2026-07-31,87,83,33,83,83,13
26/5/2026,517618658746,"[Referral Comms] - Post Trip Push - PER/GC/NTL - 010426 - 300626",737810498056,"Push Notification",Push,2026-07-01,2026-07-31,2722,2603,1033,2603,2603,80
26/5/2026,,"",779516641674,"Push Notification",Push,2026-07-01,2026-07-31,8158,7778,3088,7778,7778,897
12/6/2026,943231771893,"[Re-active]-BNE-260608 to 260614",221061608029,"Push Notification",Push,2026-07-01,2026-07-31,362,361,123,361,361,16
8/5/2026,618876829781,"[Welcomepack] Brisbane - 270326 - 310526",100774271415,"Push Notification",Push,2026-07-01,2026-07-31,48,48,8,48,48,0
3/8/2026,611359051355,"[Recall] HV Silent - ALL AU (ex-SYD) - 0308726",214706310455,"Push Notification",Push,2026-07-01,2026-07-31,12344,11757,4702,11757,11757,360
3/8/2026,465597841012,"[Re-active] - ADL - 26070803",826178811116,"Push Notification",Push,2026-07-01,2026-07-31,2435,2320,927,2320,2320,61
3/8/2026,547750702110,"[Travel_NonPFT] Nationwide 0803-0809",413516110967,"Push Notification",Push,2026-07-01,2026-07-31,34949,33293,13310,33293,33293,969
3/8/2026,760115651527,"[Referral Comms] - Post Trip Push - All AU (ex-PER/GC/NTL) - 010726 - 310826",717863995066,"Push Notification",Push,2026-07-01,2026-07-31,8993,8575,3422,8575,8575,226
12/5/2026,618876829781,"[Welcomepack] Brisbane - 270326 - 310526",100774271415,"Push Notification",Push,2026-07-01,2026-07-31,73,73,19,73,73,4
12/5/2026,585941796532,"[Welcomepack] Perth - 270326-310526",120920194274,"Push Notification",Push,2026-07-01,2026-07-31,56,56,14,56,56,4
3/8/2026,916595521931,"[Welcomepack] Perth - 150726-310826",178571781335,"Push Notification",Push,2026-07-01,2026-07-31,72,72,14,72,72,5
3/8/2026,353872672811,"[Welcomepack] Melbourne - 150726 - 310826",482901241445,"Push Notification",Push,2026-07-01,2026-07-31,197,197,50,197,197,7
11/5/2026,622110498886,"[Recall] Silent - NTL - 110526",652648167544,"Push Notification",Push,2026-07-01,2026-07-31,747,712,284,712,712,19
11/5/2026,849780277893,"[Reactivation] - Non-PFT - All 110526",111515277760,"Push Notification",Push,2026-07-01,2026-07-31,26535,25276,10104,25276,25276,1015
11/5/2026,338585231785,"[Referral Comms] - Post Trip Push - All AU (ex-PER/GC/NTL) - 010426 - 300626",185785203882,"Push Notification",Push,2026-07-01,2026-07-31,8385,7997,3189,7997,7997,213
26/7/2026,760115651527,"[Referral Comms] - Post Trip Push - All AU (ex-PER/GC/NTL) - 010726 - 310826",717863995066,"Push Notification",Push,2026-07-01,2026-07-31,9718,9264,3695,9264,9264,238
26/7/2026,,"",622373320838,"Push Notification",Push,2026-07-01,2026-07-31,3411,3257,1276,3257,3257,316
26/7/2026,505799234357,"[Growth] - BNE - 260720 to 260726",698126634604,"Push Notification",Push,2026-07-01,2026-07-31,261,261,84,261,261,16
3/8/2026,,"",411553922808,"Push Notification",Push,2026-07-01,2026-07-31,1629,1561,595,1561,1561,181
5/8/2026,353872672811,"[Welcomepack] Melbourne - 150726 - 310826",482901241445,"Push Notification",Push,2026-07-01,2026-07-31,335,335,95,335,335,10
17/6/2026,767066119293,"[Welcomepack] Sydney - 010626 - 300626",223926884028,"Push Notification",Push,2026-07-01,2026-07-31,197,197,55,197,197,11
22/7/2026,740716308217,"[Referral Comms] - Post Trip Push - PER/GC/NTL - 010726 - 310726",987569903347,"Push Notification",Push,2026-07-01,2026-07-31,3068,2931,1166,2931,2931,78
28/7/2026,741753840511,"[Welcomepack] Sydney - 010726 - 310826",611597405611,"Push Notification",Push,2026-07-01,2026-07-31,165,165,46,165,165,9
10/8/2026,210227775111,"bri机场discount push",250261157906,"Push Notification",Push,2026-07-01,2026-07-31,75,75,21,75,75,3
21/7/2026,781761409000,"[LV Recall] - Churned - ADL/CBR/PER/SYD - 200726",380049914390,"Push Notification",Push,2026-07-01,2026-07-31,4519,4304,1721,4304,4304,148
21/7/2026,740716308217,"[Referral Comms] - Post Trip Push - PER/GC/NTL - 010726 - 310726",987569903347,"Push Notification",Push,2026-07-01,2026-07-31,1490,1428,565,1428,1428,41
21/7/2026,760115651527,"[Referral Comms] - Post Trip Push - All AU (ex-PER/GC/NTL) - 010726 - 310826",717863995066,"Push Notification",Push,2026-07-01,2026-07-31,4498,4290,1708,4290,4290,104
5/6/2026,839385022104,"[HV Recall] - Churned - ADL/CBR/GC/MEL/PER- 010626",507094442405,"Push Notification",Push,2026-07-01,2026-07-31,21180,20173,8067,20173,20173,1116
5/6/2026,338585231785,"[Referral Comms] - Post Trip Push - All AU (ex-PER/GC/NTL) - 010426 - 300626",185785203882,"Push Notification",Push,2026-07-01,2026-07-31,12776,12177,4861,12177,12177,337
19/6/2026,732567329072,"[Welcomepack] Perth - 010626-300626",387509162941,"Push Notification",Push,2026-07-01,2026-07-31,91,91,21,91,91,4
18/6/2026,648028973443,"[Welcomepack] Melbourne - 010626 - 300626",537822999599,"Push Notification",Push,2026-07-01,2026-07-31,210,210,62,210,210,1
19/6/2026,767066119293,"[Welcomepack] Sydney - 010626 - 300626",223926884028,"Push Notification",Push,2026-07-01,2026-07-31,152,152,40,152,152,7
4/8/2026,920399069682,"Airport Pick-up Survey - 0731",674862827828,"Push Notification",Push,2026-07-01,2026-07-31,48,48,7,48,48,0
18/6/2026,177848202834,"[Survey] SYD Airport Pick-up - Express + Travel",646348488601,"Push Notification",Push,2026-07-01,2026-07-31,55,55,8,55,55,3
29/6/2026,702365564159,"[Growth] - NTL - 260629",438044658381,"Push Notification",Push,2026-07-01,2026-07-31,185,177,70,177,177,6
29/6/2026,517618658746,"[Referral Comms] - Post Trip Push - PER/GC/NTL - 010426 - 300626",737810498056,"Push Notification",Push,2026-07-01,2026-07-31,2334,2233,883,2233,2233,55
29/6/2026,767066119293,"[Welcomepack] Sydney - 010626 - 300626",223926884028,"Push Notification",Push,2026-07-01,2026-07-31,135,135,34,135,135,11
11/5/2026,793168965925,"[Welcomepack] Sydney - 270326 - 310526",646839636533,"Push Notification",Push,2026-07-01,2026-07-31,126,126,34,126,126,6
3/6/2026,860629764622,"[Comms] Monthly Savings (May) - ADL",496317315985,"Push Notification",Push,2026-07-01,2026-07-31,14410,13726,5488,13726,13726,696
3/6/2026,869393301259,"[Growth] - BNE - 260601 to 260607",719369462338,"Push Notification",Push,2026-07-01,2026-07-31,245,245,82,245,245,9
3/6/2026,517618658746,"[Referral Comms] - Post Trip Push - PER/GC/NTL - 010426 - 300626",737810498056,"Push Notification",Push,2026-07-01,2026-07-31,2852,2727,1080,2727,2727,79
1/6/2026,517618658746,"[Referral Comms] - Post Trip Push - PER/GC/NTL - 010426 - 300626",737810498056,"Push Notification",Push,2026-07-01,2026-07-31,2132,2041,809,2041,2041,58
1/6/2026,494416653462,"[Velocity] 4.0 - 260520",372962322169,"Push Notification",Push,2026-07-01,2026-07-31,92,88,35,88,88,9
2/8/2026,740716308217,"[Referral Comms] - Post Trip Push - PER/GC/NTL - 010726 - 310726",987569903347,"Push Notification",Push,2026-07-01,2026-07-31,2630,2515,997,2515,2515,70
2/8/2026,920399069682,"Airport Pick-up Survey - 0731",674862827828,"Push Notification",Push,2026-07-01,2026-07-31,64,64,15,64,64,4
15/5/2026,585941796532,"[Welcomepack] Perth - 270326-310526",120920194274,"Push Notification",Push,2026-07-01,2026-07-31,53,53,12,53,53,1
15/5/2026,793168965925,"[Welcomepack] Sydney - 270326 - 310526",646839636533,"Push Notification",Push,2026-07-01,2026-07-31,105,105,27,105,105,2
15/5/2026,,"",779516641674,"Push Notification",Push,2026-07-01,2026-07-31,6969,6646,2638,6646,6646,808
6/7/2026,442200851268,"[Recall] LV Silent V2 - All AU - 060726",533340646918,"Push Notification",Push,2026-07-01,2026-07-31,103365,98445,39377,98445,98445,3850
6/7/2026,337239613082,"[Travel_NonPFT] SYD_0706-0712",866119701328,"Push Notification",Push,2026-07-01,2026-07-31,16032,15273,6106,15273,15273,427
6/7/2026,735714933653,"[Travel_NonPFT] MEL_0706-0712",766884484172,"Push Notification",Push,2026-07-01,2026-07-31,20108,19154,7658,19154,19154,552
6/7/2026,,"",645678914644,"Push Notification",Push,2026-07-01,2026-07-31,9610,9165,3636,9165,9165,956
6/7/2026,760115651527,"[Referral Comms] - Post Trip Push - All AU (ex-PER/GC/NTL) - 010726 - 310826",717863995066,"Push Notification",Push,2026-07-01,2026-07-31,6527,6224,2480,6224,6224,147
9/6/2026,350434037432,"[Recall] LV Silent - All AU - 080626",514958558215,"Push Notification",Push,2026-07-01,2026-07-31,43320,41258,16503,41258,41258,1378
10/8/2026,741753840511,"[Welcomepack] Sydney - 010726 - 310826",486833611920,"Push Notification",Push,2026-07-01,2026-07-31,116,116,28,116,116,8
1/6/2026,766966313443,"[Re-active]-BNE-260601 to 260607",857256932263,"Push Notification",Push,2026-07-01,2026-07-31,10581,10086,4025,10086,10086,280
1/7/2026,517618658746,"[Referral Comms] - Post Trip Push - PER/GC/NTL - 010426 - 300626",737810498056,"Push Notification",Push,2026-07-01,2026-07-31,70,67,26,67,67,1
1/7/2026,,"",411553922808,"Push Notification",Push,2026-07-01,2026-07-31,2030,1949,749,1949,1949,235
1/7/2026,454643058196,"[Survey] SYD Airport Pick-up - Express + Travel",864232319791,"Push Notification",Push,2026-07-01,2026-07-31,95,95,21,95,95,9
1/7/2026,680768035598,"[Re-active]-BNE-260630 to 260705",910116216554,"Push Notification",Push,2026-07-01,2026-07-31,244,244,76,244,244,15
24/5/2026,585941796532,"[Welcomepack] Perth - 270326-310526",551619399507,"Push Notification",Push,2026-07-01,2026-07-31,68,68,16,68,68,2
24/5/2026,917960176653,"[Growth] - BNE - 260518 to 260524",564325797126,"Push Notification",Push,2026-07-01,2026-07-31,206,206,64,206,206,10
24/5/2026,964475539071,"[Welcomepack] ROA - 270326 - 310526",273175774218,"Push Notification",Push,2026-07-01,2026-07-31,41,41,8,41,41,1
24/5/2026,793168965925,"[Welcomepack] Sydney - 270326 - 310526",646839636533,"Push Notification",Push,2026-07-01,2026-07-31,125,125,37,125,125,9
19/5/2026,793168965925,"[Welcomepack] Sydney - 270326 - 310526",646839636533,"Push Notification",Push,2026-07-01,2026-07-31,115,115,31,115,115,3
7/5/2026,338585231785,"[Referral Comms] - Post Trip Push - All AU (ex-PER/GC/NTL) - 010426 - 300626",185785203882,"Push Notification",Push,2026-07-01,2026-07-31,8890,8476,3382,8476,8476,231
7/5/2026,863982234662,"[Re-active]-BNE-260504to 260510",186036127777,"Push Notification",Push,2026-07-01,2026-07-31,252,252,84,252,252,22
7/5/2026,,"",622373320838,"Push Notification",Push,2026-07-01,2026-07-31,20731,19751,7881,19751,19751,2227
5/5/2026,338585231785,"[Referral Comms] - Post Trip Push - All AU (ex-PER/GC/NTL) - 010426 - 300626",185785203882,"Push Notification",Push,2026-07-01,2026-07-31,5164,4930,1963,4930,4930,163
19/5/2026,585941796532,"[Welcomepack] Perth - 270326-310526",120920194274,"Push Notification",Push,2026-07-01,2026-07-31,52,52,11,52,52,4
5/8/2026,467298157113,"[Welcomepack] Gold Coast - 010726-310826",722834781425,"Push Notification",Push,2026-07-01,2026-07-31,35,35,5,35,35,0
6/8/2026,277051823107,"perp机场discount push",375163866828,"Push Notification",Push,2026-07-01,2026-07-31,97,97,31,97,97,5
6/8/2026,920399069682,"Airport Pick-up Survey - 0731",674862827828,"Push Notification",Push,2026-07-01,2026-07-31,57,57,9,57,57,4
6/8/2026,362651154771,"mel机场discount push",152027986116,"Push Notification",Push,2026-07-01,2026-07-31,110,110,35,110,110,4
8/6/2026,494416653462,"[Velocity] 4.0 - 260520",372962322169,"Push Notification",Push,2026-07-01,2026-07-31,71,68,27,68,68,8
22/5/2026,937380599803,"[Welcomepack] Adelaide - 270326 - 310526",993133983077,"Push Notification",Push,2026-07-01,2026-07-31,24,24,2,24,24,1
8/5/2026,863982234662,"[Re-active]-BNE-260504to 260510",186036127777,"Push Notification",Push,2026-07-01,2026-07-31,370,368,127,368,368,16
8/5/2026,964475539071,"[Welcomepack] ROA - 270326 - 310526",273175774218,"Push Notification",Push,2026-07-01,2026-07-31,32,32,5,32,32,1
31/7/2026,760115651527,"[Referral Comms] - Post Trip Push - All AU (ex-PER/GC/NTL) - 010726 - 310826",717863995066,"Push Notification",Push,2026-07-01,2026-07-31,13625,12987,5185,12987,12987,309
31/7/2026,385352418353,"[Survey] Airport Pick-up - PCAA+PCBA - 0731",646265661393,"Push Notification",Push,2026-07-01,2026-07-31,2147,2047,817,2047,2047,205
31/7/2026,288754105149,"[Welcomepack] ROA - 010726 - 310826",861735291370,"Push Notification",Push,2026-07-01,2026-07-31,43,43,7,43,43,2
31/7/2026,,"",411553922808,"Push Notification",Push,2026-07-01,2026-07-31,1862,1789,688,1789,1789,241
25/7/2026,769644807449,"[Travel_NonPFT] Nationwide 0724-0730",339010568738,"Push Notification",Push,2026-07-01,2026-07-31,33512,31926,12764,31926,31926,1056
25/7/2026,740716308217,"[Referral Comms] - Post Trip Push - PER/GC/NTL - 010726 - 310726",987569903347,"Push Notification",Push,2026-07-01,2026-07-31,3525,3368,1336,3368,3368,97
25/7/2026,876624445271,"[Re-active]-BNE-260720 to 260726",670644406300,"Push Notification",Push,2026-07-01,2026-07-31,504,499,179,499,499,15
16/6/2026,,"",747795259860,"Push Notification",Push,2026-07-01,2026-07-31,2387,2283,887,2283,2283,388
16/6/2026,767066119293,"[Welcomepack] Sydney - 010626 - 300626",870699216680,"Push Notification",Push,2026-07-01,2026-07-31,166,166,44,166,166,5
10/6/2026,517618658746,"[Referral Comms] - Post Trip Push - PER/GC/NTL - 010426 - 300626",737810498056,"Push Notification",Push,2026-07-01,2026-07-31,2789,2667,1056,2667,2667,77
1/6/2026,,"",622373320838,"Push Notification",Push,2026-07-01,2026-07-31,10304,9824,3908,9824,9824,1246
27/5/2026,721543876442,"[Welcomepack] Melbourne - 270326 - 310526",227934045924,"Push Notification",Push,2026-07-01,2026-07-31,218,218,74,218,218,16
27/5/2026,517618658746,"[Referral Comms] - Post Trip Push - PER/GC/NTL - 010426 - 300626",737810498056,"Push Notification",Push,2026-07-01,2026-07-31,2936,2807,1114,2807,2807,81
27/5/2026,338585231785,"[Referral Comms] - Post Trip Push - All AU (ex-PER/GC/NTL) - 010426 - 300626",185785203882,"Push Notification",Push,2026-07-01,2026-07-31,10102,9630,3844,9630,9630,229
27/5/2026,618876829781,"[Welcomepack] Brisbane - 270326 - 310526",100774271415,"Push Notification",Push,2026-07-01,2026-07-31,115,115,33,115,115,2
16/5/2026,,"",622373320838,"Push Notification",Push,2026-07-01,2026-07-31,372,361,126,361,361,52
16/5/2026,517618658746,"[Referral Comms] - Post Trip Push - PER/GC/NTL - 010426 - 300626",737810498056,"Push Notification",Push,2026-07-01,2026-07-31,3723,3555,1415,3555,3555,95
27/5/2026,964475539071,"[Welcomepack] ROA - 270326 - 310526",273175774218,"Push Notification",Push,2026-07-01,2026-07-31,56,56,12,56,56,2
3/8/2026,288754105149,"[Welcomepack] ROA - 010726 - 310826",861735291370,"Push Notification",Push,2026-07-01,2026-07-31,43,43,9,43,43,4
12/6/2026,,"",622373320838,"Push Notification",Push,2026-07-01,2026-07-31,3025,2888,1137,2888,2888,226
20/7/2026,630985266681,"[Welcomepack] Adelaide - 010726 - 310826",346225872989,"Push Notification",Push,2026-07-01,2026-07-31,27,27,2,27,27,2
23/5/2026,338585231785,"[Referral Comms] - Post Trip Push - All AU (ex-PER/GC/NTL) - 010426 - 300626",185785203882,"Push Notification",Push,2026-07-01,2026-07-31,15734,14995,5988,14995,14995,399
23/5/2026,761807651579,"[Re-active]-BNE-260518 to 260524",202698570101,"Push Notification",Push,2026-07-01,2026-07-31,448,444,157,444,444,25
23/5/2026,,"",622373320838,"Push Notification",Push,2026-07-01,2026-07-31,5054,4821,1908,4821,4821,306
3/8/2026,920399069682,"Airport Pick-up Survey - 0731",674862827828,"Push Notification",Push,2026-07-01,2026-07-31,73,73,17,73,73,3
23/5/2026,618876829781,"[Welcomepack] Brisbane - 270326 - 310526",100774271415,"Push Notification",Push,2026-07-01,2026-07-31,54,54,11,54,54,0
20/6/2026,338585231785,"[Referral Comms] - Post Trip Push - All AU (ex-PER/GC/NTL) - 010426 - 300626",185785203882,"Push Notification",Push,2026-07-01,2026-07-31,14897,14198,5668,14198,14198,390
20/6/2026,807426982295,"[Welcomepack] Gold Coast - 010626-300626",866226421673,"Push Notification",Push,2026-07-01,2026-07-31,17,17,0,17,17,2
20/6/2026,518885434739,"[Welcomepack] Brisbane - 010626 - 300626",553051629363,"Push Notification",Push,2026-07-01,2026-07-31,75,75,13,75,75,5
17/6/2026,517618658746,"[Referral Comms] - Post Trip Push - PER/GC/NTL - 010426 - 300626",737810498056,"Push Notification",Push,2026-07-01,2026-07-31,2811,2686,1065,2686,2686,80
5/8/2026,741753840511,"[Welcomepack] Sydney - 010726 - 310826",486833611920,"Push Notification",Push,2026-07-01,2026-07-31,215,214,64,214,214,8
2/8/2026,741753840511,"[Welcomepack] Sydney - 010726 - 310826",536486578542,"Push Notification",Push,2026-07-01,2026-07-31,124,124,28,124,124,3
15/7/2026,741753840511,"[Welcomepack] Sydney - 010726 - 310826",486833611920,"Push Notification",Push,2026-07-01,2026-07-31,184,184,55,184,184,3
22/5/2026,761807651579,"[Re-active]-BNE-260518 to 260524",202698570101,"Push Notification",Push,2026-07-01,2026-07-31,467,463,162,463,463,27
4/8/2026,741753840511,"[Welcomepack] Sydney - 010726 - 310826",486833611920,"Push Notification",Push,2026-07-01,2026-07-31,170,170,48,170,170,5
27/7/2026,353872672811,"[Welcomepack] Melbourne - 150726 - 310826",482901241445,"Push Notification",Push,2026-07-01,2026-07-31,154,154,43,154,154,6
15/7/2026,648364805553,"[Welcomepack] Perth - 010726-310826",838483734629,"Push Notification",Push,2026-07-01,2026-07-31,47,47,13,47,47,2
15/7/2026,396237798717,"[Welcomepack] Melbourne - 010726 - 310826",236342078998,"Push Notification",Push,2026-07-01,2026-07-31,88,88,22,88,88,3
31/7/2026,353872672811,"[Welcomepack] Melbourne - 150726 - 310826",380180737758,"Push Notification",Push,2026-07-01,2026-07-31,171,171,40,171,171,4
10/8/2026,379358154481,"[Welcomepack] Canberra - 010726 - 310826",702288233284,"Push Notification",Push,2026-07-01,2026-07-31,4,4,0,4,4,1
25/7/2026,,"",411553922808,"Push Notification",Push,2026-07-01,2026-07-31,2477,2365,922,2365,2365,125
5/5/2026,,"",400905893657,"Push Notification",Push,2026-07-01,2026-07-31,5383,5135,2034,5135,5135,612
5/5/2026,618876829781,"[Welcomepack] Brisbane - 270326 - 310526",100774271415,"Push Notification",Push,2026-07-01,2026-07-31,46,46,7,46,46,3
5/5/2026,863982234662,"[Re-active]-BNE-260504to 260510",465927603874,"Push Notification",Push,2026-07-01,2026-07-31,201,201,58,201,201,12
5/5/2026,964475539071,"[Welcomepack] ROA - 270326 - 310526",783442281311,"Push Notification",Push,2026-07-01,2026-07-31,22,22,3,22,22,1
17/6/2026,518885434739,"[Welcomepack] Brisbane - 010626 - 300626",880786568539,"Push Notification",Push,2026-07-01,2026-07-31,107,107,26,107,107,3
12/7/2026,760115651527,"[Referral Comms] - Post Trip Push - All AU (ex-PER/GC/NTL) - 010726 - 310826",717863995066,"Push Notification",Push,2026-07-01,2026-07-31,9392,8957,3574,8957,8957,249
5/5/2026,687288798198,"[Growth] - BNE - 260504 to 260509",713192233970,"Push Notification",Push,2026-07-01,2026-07-31,130,130,33,130,130,6
12/7/2026,564884905186,"[Welcomepack] Brisbane - 010726 - 310826",921026868956,"Push Notification",Push,2026-07-01,2026-07-31,64,64,13,64,64,5
2/7/2026,454643058196,"[Survey] SYD Airport Pick-up - Express + Travel",927226745731,"Push Notification",Push,2026-07-01,2026-07-31,81,81,16,81,81,3
2/7/2026,741753840511,"[Welcomepack] Sydney - 010726 - 310826",817215854835,"Push Notification",Push,2026-07-01,2026-07-31,4,4,0,4,4,1
8/8/2026,,"",411553922808,"Push Notification",Push,2026-07-01,2026-07-31,4126,3939,1545,3939,3939,202
28/7/2026,981527024761,"[Welcomepack] Brisbane - 150726 - 310826",893890130213,"Push Notification",Push,2026-07-01,2026-07-31,83,83,22,83,83,3
10/8/2026,920399069682,"Airport Pick-up Survey - 0731",674862827828,"Push Notification",Push,2026-07-01,2026-07-31,71,71,18,71,71,6
15/5/2026,399208062288,"[Growth] - BNE - 260511 to 260517",842488771129,"Push Notification",Push,2026-07-01,2026-07-31,331,330,114,330,330,22
8/8/2026,353872672811,"[Welcomepack] Melbourne - 150726 - 310826",319110756841,"Push Notification",Push,2026-07-01,2026-07-31,162,162,38,162,162,11
2/8/2026,916595521931,"[Welcomepack] Perth - 150726-310826",178571781335,"Push Notification",Push,2026-07-01,2026-07-31,82,82,15,82,82,5
15/5/2026,197774104201,"[Welcomepack] Newcastle - 270326-310526",755424614532,"Push Notification",Push,2026-07-01,2026-07-31,6,6,0,6,6,1
9/6/2026,177848202834,"[Survey] SYD Airport Pick-up - Express + Travel",646348488601,"Push Notification",Push,2026-07-01,2026-07-31,37,37,8,37,37,1
15/7/2026,,"",779516641674,"Push Notification",Push,2026-07-01,2026-07-31,13125,12519,4976,12519,12519,1073
9/8/2026,630985266681,"[Welcomepack] Adelaide - 010726 - 310826",346225872989,"Push Notification",Push,2026-07-01,2026-07-31,26,26,4,26,26,0
9/8/2026,981527024761,"[Welcomepack] Brisbane - 150726 - 310826",117734753772,"Push Notification",Push,2026-07-01,2026-07-31,77,77,19,77,77,3
9/8/2026,916595521931,"[Welcomepack] Perth - 150726-310826",178571781335,"Push Notification",Push,2026-07-01,2026-07-31,68,68,7,68,68,8
8/8/2026,981527024761,"[Welcomepack] Brisbane - 150726 - 310826",893890130213,"Push Notification",Push,2026-07-01,2026-07-31,64,64,13,64,64,5
4/8/2026,353872672811,"[Welcomepack] Melbourne - 150726 - 310826",482901241445,"Push Notification",Push,2026-07-01,2026-07-31,190,190,53,190,190,8
6/8/2026,,"",779516641674,"Push Notification",Push,2026-07-01,2026-07-31,1712,1639,628,1639,1639,167
9/8/2026,207268638879,"Ade机场discount push",656910201176,"Push Notification",Push,2026-07-01,2026-07-31,21,21,3,21,21,2
9/8/2026,741753840511,"[Welcomepack] Sydney - 010726 - 310826",518782680952,"Push Notification",Push,2026-07-01,2026-07-31,130,130,36,130,130,7
16/7/2026,451622462559,"SYD/ADL Airport Pick-up Survey",880678553132,"Push Notification",Push,2026-07-01,2026-07-31,167,167,53,167,167,17
16/7/2026,,"",622373320838,"Push Notification",Push,2026-07-01,2026-07-31,803,781,283,781,781,96
22/5/2026,618876829781,"[Welcomepack] Brisbane - 270326 - 310526",100774271415,"Push Notification",Push,2026-07-01,2026-07-31,37,37,7,37,37,3
10/6/2026,,"",779516641674,"Push Notification",Push,2026-07-01,2026-07-31,110,109,26,109,109,7
10/6/2026,943231771893,"[Re-active]-BNE-260608 to 260614",221061608029,"Push Notification",Push,2026-07-01,2026-07-31,361,361,129,361,361,11
30/6/2026,702365564159,"[Growth] - NTL - 260629",157009118998,"Push Notification",Push,2026-07-01,2026-07-31,185,177,70,177,177,6
22/5/2026,917960176653,"[Growth] - BNE - 260518 to 260524",157148101951,"Push Notification",Push,2026-07-01,2026-07-31,393,391,139,391,391,22
16/5/2026,399208062288,"[Growth] - BNE - 260511 to 260517",842488771129,"Push Notification",Push,2026-07-01,2026-07-31,355,354,119,354,354,26
16/5/2026,961125907052,"[Re-active]-BNE-260511 to 260517",149953178800,"Push Notification",Push,2026-07-01,2026-07-31,464,459,167,459,459,29
25/6/2026,454643058196,"[Survey] SYD Airport Pick-up - Express + Travel",927226745731,"Push Notification",Push,2026-07-01,2026-07-31,74,74,14,74,74,6
27/5/2026,793168965925,"[Welcomepack] Sydney - 270326 - 310526",162360989017,"Push Notification",Push,2026-07-01,2026-07-31,164,164,52,164,164,6
12/7/2026,288754105149,"[Welcomepack] ROA - 010726 - 310826",861735291370,"Push Notification",Push,2026-07-01,2026-07-31,34,34,6,34,34,1
12/7/2026,630985266681,"[Welcomepack] Adelaide - 010726 - 310826",346225872989,"Push Notification",Push,2026-07-01,2026-07-31,31,31,4,31,31,0
25/6/2026,767066119293,"[Welcomepack] Sydney - 010626 - 300626",794919558033,"Push Notification",Push,2026-07-01,2026-07-31,143,143,37,143,143,10
11/5/2026,937380599803,"[Welcomepack] Adelaide - 270326 - 310526",721317908136,"Push Notification",Push,2026-07-01,2026-07-31,42,42,7,42,42,3
8/5/2026,,"",622373320838,"Push Notification",Push,2026-07-01,2026-07-31,5511,5257,2082,5257,5257,318
10/8/2026,271294753036,"syd机场discount push",737711209451,"Push Notification",Push,2026-07-01,2026-07-31,137,136,48,136,136,9
10/8/2026,981527024761,"[Welcomepack] Brisbane - 150726 - 310826",893890130213,"Push Notification",Push,2026-07-01,2026-07-31,82,82,17,82,82,4
26/7/2026,353872672811,"[Welcomepack] Melbourne - 150726 - 310826",482901241445,"Push Notification",Push,2026-07-01,2026-07-31,81,81,19,81,81,1
8/8/2026,210227775111,"bri机场discount push",250261157906,"Push Notification",Push,2026-07-01,2026-07-31,50,50,9,50,50,0
2/8/2026,981527024761,"[Welcomepack] Brisbane - 150726 - 310826",650181199427,"Push Notification",Push,2026-07-01,2026-07-31,84,84,17,84,84,7
2/8/2026,353872672811,"[Welcomepack] Melbourne - 150726 - 310826",319110756841,"Push Notification",Push,2026-07-01,2026-07-31,172,172,42,172,172,12
3/6/2026,766966313443,"[Re-active]-BNE-260601 to 260607",157166092508,"Push Notification",Push,2026-07-01,2026-07-31,333,333,114,333,333,12
3/6/2026,,"",622373320838,"Push Notification",Push,2026-07-01,2026-07-31,10209,9732,3870,9732,9732,773
3/7/2026,454643058196,"[Survey] SYD Airport Pick-up - Express + Travel",864232319791,"Push Notification",Push,2026-07-01,2026-07-31,121,121,33,121,121,11
7/5/2026,721543876442,"[Welcomepack] Melbourne - 270326 - 310526",728716379637,"Push Notification",Push,2026-07-01,2026-07-31,118,118,33,118,118,2
19/6/2026,648028973443,"[Welcomepack] Melbourne - 010626 - 300626",537822999599,"Push Notification",Push,2026-07-01,2026-07-31,151,151,42,151,151,8
4/6/2026,766966313443,"[Re-active]-BNE-260601 to 260607",857256932263,"Push Notification",Push,2026-07-01,2026-07-31,293,293,95,293,293,13
5/8/2026,207268638879,"Ade机场discount push",656910201176,"Push Notification",Push,2026-07-01,2026-07-31,14,14,1,14,14,0
27/6/2026,,"",779516641674,"Push Notification",Push,2026-07-01,2026-07-31,255,248,82,248,248,26
8/6/2026,,"",622373320838,"Push Notification",Push,2026-07-01,2026-07-31,28524,27177,10847,27177,27177,3803
10/7/2026,,"",411553922808,"Push Notification",Push,2026-07-01,2026-07-31,766,737,269,737,737,109
31/5/2026,585941796532,"[Welcomepack] Perth - 270326-310526",120920194274,"Push Notification",Push,2026-07-01,2026-07-31,67,67,18,67,67,0
30/7/2026,353872672811,"[Welcomepack] Melbourne - 150726 - 310826",754251145649,"Push Notification",Push,2026-07-01,2026-07-31,246,246,62,246,246,12
30/7/2026,741753840511,"[Welcomepack] Sydney - 010726 - 310826",500371194913,"Push Notification",Push,2026-07-01,2026-07-31,179,179,50,179,179,5
3/7/2026,330326033929,"[Survey] ADL Airport Pick-up - Express + Travel",866571435619,"Push Notification",Push,2026-07-01,2026-07-31,13,13,0,13,13,3
3/7/2026,680768035598,"[Re-active]-BNE-260630 to 260705",366354682797,"Push Notification",Push,2026-07-01,2026-07-31,272,272,89,272,272,10
3/7/2026,121305656351,"[Growth] - BNE - 260629 to 260705",970975658903,"Push Notification",Push,2026-07-01,2026-07-31,210,210,65,210,210,5
13/6/2026,732567329072,"[Welcomepack] Perth - 010626-300626",387509162941,"Push Notification",Push,2026-07-01,2026-07-31,87,87,21,87,87,4
13/6/2026,518885434739,"[Welcomepack] Brisbane - 010626 - 300626",880786568539,"Push Notification",Push,2026-07-01,2026-07-31,65,65,13,65,65,3
22/7/2026,630985266681,"[Welcomepack] Adelaide - 010726 - 310826",346225872989,"Push Notification",Push,2026-07-01,2026-07-31,46,46,7,46,46,1
5/8/2026,920399069682,"Airport Pick-up Survey - 0731",674862827828,"Push Notification",Push,2026-07-01,2026-07-31,53,53,12,53,53,2
5/8/2026,916595521931,"[Welcomepack] Perth - 150726-310826",506126466672,"Push Notification",Push,2026-07-01,2026-07-31,108,108,22,108,108,10
8/8/2026,630985266681,"[Welcomepack] Adelaide - 010726 - 310826",346225872989,"Push Notification",Push,2026-07-01,2026-07-31,30,30,2,30,30,1
10/8/2026,979837719027,"[Re-active]-BNE-2608010-0816",147579973910,"Push Notification",Push,2026-07-01,2026-07-31,8580,8186,3261,8186,8186,155
26/5/2026,964475539071,"[Welcomepack] ROA - 270326 - 310526",273175774218,"Push Notification",Push,2026-07-01,2026-07-31,46,46,9,46,46,4
29/6/2026,732567329072,"[Welcomepack] Perth - 010626-300626",387509162941,"Push Notification",Push,2026-07-01,2026-07-31,75,75,17,75,75,4
15/7/2026,288754105149,"[Welcomepack] ROA - 010726 - 310826",296118269191,"Push Notification",Push,2026-07-01,2026-07-31,45,45,9,45,45,3
4/6/2026,869393301259,"[Growth] - BNE - 260601 to 260607",787753130485,"Push Notification",Push,2026-07-01,2026-07-31,237,237,77,237,237,11
14/7/2026,741753840511,"[Welcomepack] Sydney - 010726 - 310826",486833611920,"Push Notification",Push,2026-07-01,2026-07-31,151,151,44,151,151,12
14/7/2026,,"",779516641674,"Push Notification",Push,2026-07-01,2026-07-31,400,386,134,386,386,80
8/5/2026,937380599803,"[Welcomepack] Adelaide - 270326 - 310526",993133983077,"Push Notification",Push,2026-07-01,2026-07-31,20,20,1,20,20,0
6/8/2026,916595521931,"[Welcomepack] Perth - 150726-310826",178571781335,"Push Notification",Push,2026-07-01,2026-07-31,98,98,18,98,98,5
27/7/2026,981527024761,"[Welcomepack] Brisbane - 150726 - 310826",276929872088,"Push Notification",Push,2026-07-01,2026-07-31,75,75,13,75,75,5
27/6/2026,923624199448,"[Welcomepack] ROA - 010626 - 300626",580464854996,"Push Notification",Push,2026-07-01,2026-07-31,38,38,6,38,38,4
24/6/2026,648028973443,"[Welcomepack] Melbourne - 010626 - 300626",537822999599,"Push Notification",Push,2026-07-01,2026-07-31,212,211,61,211,211,11
25/7/2026,672322203074,"[Velocity] - All AU PAX - 260617",960822163822,"Push Notification",Push,2026-07-01,2026-07-31,44,44,15,44,44,4
8/8/2026,916595521931,"[Welcomepack] Perth - 150726-310826",646935214454,"Push Notification",Push,2026-07-01,2026-07-31,78,78,8,78,78,6
8/8/2026,920399069682,"Airport Pick-up Survey - 0731",674862827828,"Push Notification",Push,2026-07-01,2026-07-31,65,65,16,65,65,5
26/5/2026,618876829781,"[Welcomepack] Brisbane - 270326 - 310526",100774271415,"Push Notification",Push,2026-07-01,2026-07-31,86,86,26,86,86,4
5/8/2026,,"",411553922808,"Push Notification",Push,2026-07-01,2026-07-31,1616,1549,592,1549,1549,277
27/6/2026,963218787153,"[Welcomepack] Newcastle - 010626-300626",134356329848,"Push Notification",Push,2026-07-01,2026-07-31,7,7,0,7,7,0
21/7/2026,630985266681,"[Welcomepack] Adelaide - 010726 - 310826",346225872989,"Push Notification",Push,2026-07-01,2026-07-31,15,15,1,15,15,2
24/5/2026,,"",779516641674,"Push Notification",Push,2026-07-01,2026-07-31,267,259,88,259,259,45
24/5/2026,761807651579,"[Re-active]-BNE-260518 to 260524",305660795016,"Push Notification",Push,2026-07-01,2026-07-31,245,245,78,245,245,20
8/8/2026,288754105149,"[Welcomepack] ROA - 010726 - 310826",861735291370,"Push Notification",Push,2026-07-01,2026-07-31,36,36,6,36,36,1
8/8/2026,467298157113,"[Welcomepack] Gold Coast - 010726-310826",722834781425,"Push Notification",Push,2026-07-01,2026-07-31,16,16,0,16,16,1
9/8/2026,277051823107,"perp机场discount push",375163866828,"Push Notification",Push,2026-07-01,2026-07-31,59,59,15,59,59,1
9/8/2026,288754105149,"[Welcomepack] ROA - 010726 - 310826",259860733662,"Push Notification",Push,2026-07-01,2026-07-31,40,40,6,40,40,3
25/5/2026,585941796532,"[Welcomepack] Perth - 270326-310526",120920194274,"Push Notification",Push,2026-07-01,2026-07-31,58,58,14,58,58,1
30/7/2026,630985266681,"[Welcomepack] Adelaide - 010726 - 310826",346225872989,"Push Notification",Push,2026-07-01,2026-07-31,45,45,4,45,45,4
30/6/2026,330326033929,"[Survey] ADL Airport Pick-up - Express + Travel",866571435619,"Push Notification",Push,2026-07-01,2026-07-31,4,4,0,4,4,0
8/5/2026,721543876442,"[Welcomepack] Melbourne - 270326 - 310526",728716379637,"Push Notification",Push,2026-07-01,2026-07-31,124,124,34,124,124,8
25/7/2026,288754105149,"[Welcomepack] ROA - 010726 - 310826",861735291370,"Push Notification",Push,2026-07-01,2026-07-31,42,42,6,42,42,1
10/8/2026,207268638879,"Ade机场discount push",656910201176,"Push Notification",Push,2026-07-01,2026-07-31,22,22,3,22,22,1
20/7/2026,741753840511,"[Welcomepack] Sydney - 010726 - 310826",486833611920,"Push Notification",Push,2026-07-01,2026-07-31,117,117,30,117,117,4
20/6/2026,925298179229,"[Re-active]-BNE-260617 to 260621",628143213006,"Push Notification",Push,2026-07-01,2026-07-31,358,356,126,356,356,21
28/5/2026,721543876442,"[Welcomepack] Melbourne - 270326 - 310526",728716379637,"Push Notification",Push,2026-07-01,2026-07-31,188,188,61,188,188,7
28/5/2026,937380599803,"[Welcomepack] Adelaide - 270326 - 310526",993133983077,"Push Notification",Push,2026-07-01,2026-07-31,38,38,7,38,38,2
28/7/2026,,"",411553922808,"Push Notification",Push,2026-07-01,2026-07-31,2465,2356,915,2356,2356,521
15/5/2026,721543876442,"[Welcomepack] Melbourne - 270326 - 310526",728716379637,"Push Notification",Push,2026-07-01,2026-07-31,123,123,35,123,123,4
29/6/2026,807426982295,"[Welcomepack] Gold Coast - 010626-300626",866226421673,"Push Notification",Push,2026-07-01,2026-07-31,15,15,1,15,15,0
19/7/2026,630985266681,"[Welcomepack] Adelaide - 010726 - 310826",346225872989,"Push Notification",Push,2026-07-01,2026-07-31,26,26,1,26,26,2
27/6/2026,454643058196,"[Survey] SYD Airport Pick-up - Express + Travel",927226745731,"Push Notification",Push,2026-07-01,2026-07-31,84,84,18,84,84,10
4/8/2026,210227775111,"bri机场discount push",250261157906,"Push Notification",Push,2026-07-01,2026-07-31,62,62,14,62,62,2
27/7/2026,916595521931,"[Welcomepack] Perth - 150726-310826",460109357141,"Push Notification",Push,2026-07-01,2026-07-31,81,81,15,81,81,5
27/7/2026,467298157113,"[Welcomepack] Gold Coast - 010726-310826",722834781425,"Push Notification",Push,2026-07-01,2026-07-31,16,16,0,16,16,1
31/5/2026,,"",779516641674,"Push Notification",Push,2026-07-01,2026-07-31,318,310,101,310,310,47
31/5/2026,793168965925,"[Welcomepack] Sydney - 270326 - 310526",646839636533,"Push Notification",Push,2026-07-01,2026-07-31,83,83,18,83,83,7
31/7/2026,920399069682,"Airport Pick-up Survey - 0731",674862827828,"Push Notification",Push,2026-07-01,2026-07-31,36,36,8,36,36,1
31/7/2026,467298157113,"[Welcomepack] Gold Coast - 010726-310826",994760332426,"Push Notification",Push,2026-07-01,2026-07-31,11,11,0,11,11,0
30/6/2026,,"",622373320838,"Push Notification",Push,2026-07-01,2026-07-31,4791,4570,1808,4570,4570,321
20/6/2026,648028973443,"[Welcomepack] Melbourne - 010626 - 300626",661049359889,"Push Notification",Push,2026-07-01,2026-07-31,142,142,32,142,142,5
26/7/2026,916595521931,"[Welcomepack] Perth - 150726-310826",646935214454,"Push Notification",Push,2026-07-01,2026-07-31,43,43,9,43,43,1
28/7/2026,353872672811,"[Welcomepack] Melbourne - 150726 - 310826",754251145649,"Push Notification",Push,2026-07-01,2026-07-31,171,171,45,171,171,10
29/7/2026,981527024761,"[Welcomepack] Brisbane - 150726 - 310826",893890130213,"Push Notification",Push,2026-07-01,2026-07-31,103,103,27,103,103,4
26/7/2026,741753840511,"[Welcomepack] Sydney - 010726 - 310826",105112668277,"Push Notification",Push,2026-07-01,2026-07-31,139,139,35,139,139,8
15/5/2026,937380599803,"[Welcomepack] Adelaide - 270326 - 310526",993133983077,"Push Notification",Push,2026-07-01,2026-07-31,29,29,3,29,29,0
24/5/2026,618876829781,"[Welcomepack] Brisbane - 270326 - 310526",319600121122,"Push Notification",Push,2026-07-01,2026-07-31,67,67,12,67,67,6
2/7/2026,121305656351,"[Growth] - BNE - 260629 to 260705",321872747356,"Push Notification",Push,2026-07-01,2026-07-31,176,176,50,176,176,16
7/5/2026,618876829781,"[Welcomepack] Brisbane - 270326 - 310526",100774271415,"Push Notification",Push,2026-07-01,2026-07-31,57,57,13,57,57,4
19/6/2026,925298179229,"[Re-active]-BNE-260617 to 260621",628143213006,"Push Notification",Push,2026-07-01,2026-07-31,342,342,118,342,342,10
19/5/2026,618876829781,"[Welcomepack] Brisbane - 270326 - 310526",319600121122,"Push Notification",Push,2026-07-01,2026-07-31,78,78,19,78,78,3
7/6/2026,869393301259,"[Growth] - BNE - 260601 to 260607",719369462338,"Push Notification",Push,2026-07-01,2026-07-31,165,165,45,165,165,7
24/6/2026,518885434739,"[Welcomepack] Brisbane - 010626 - 300626",575281193171,"Push Notification",Push,2026-07-01,2026-07-31,95,95,23,95,95,1
31/7/2026,981527024761,"[Welcomepack] Brisbane - 150726 - 310826",641954871439,"Push Notification",Push,2026-07-01,2026-07-31,80,80,13,80,80,3
30/6/2026,939608967791,"[Welcomepack] Adelaide - 010626 - 300626",854628660238,"Push Notification",Push,2026-07-01,2026-07-31,45,45,8,45,45,2
23/5/2026,721543876442,"[Welcomepack] Melbourne - 270326 - 310526",227934045924,"Push Notification",Push,2026-07-01,2026-07-31,129,129,39,129,129,7
11/5/2026,721543876442,"[Welcomepack] Melbourne - 270326 - 310526",728716379637,"Push Notification",Push,2026-07-01,2026-07-31,133,133,40,133,133,7
26/7/2026,288754105149,"[Welcomepack] ROA - 010726 - 310826",259860733662,"Push Notification",Push,2026-07-01,2026-07-31,42,42,6,42,42,2
27/7/2026,288754105149,"[Welcomepack] ROA - 010726 - 310826",259860733662,"Push Notification",Push,2026-07-01,2026-07-31,38,38,6,38,38,3
29/7/2026,741753840511,"[Welcomepack] Sydney - 010726 - 310826",500371194913,"Push Notification",Push,2026-07-01,2026-07-31,211,210,60,210,210,19
5/6/2026,766966313443,"[Re-active]-BNE-260601 to 260607",857256932263,"Push Notification",Push,2026-07-01,2026-07-31,382,379,137,379,379,13
4/8/2026,605475721206,"[Welcomepack] Newcastle - 010726-310726",535612899127,"Push Notification",Push,2026-07-01,2026-07-31,7,7,0,7,7,1
2/7/2026,680768035598,"[Re-active]-BNE-260630 to 260705",366354682797,"Push Notification",Push,2026-07-01,2026-07-31,198,198,62,198,198,8
10/8/2026,916595521931,"[Welcomepack] Perth - 150726-310826",331093023454,"Push Notification",Push,2026-07-01,2026-07-31,77,77,13,77,77,3
13/6/2026,939608967791,"[Welcomepack] Adelaide - 010626 - 300626",854628660238,"Push Notification",Push,2026-07-01,2026-07-31,35,35,5,35,35,1
25/6/2026,518885434739,"[Welcomepack] Brisbane - 010626 - 300626",783882530551,"Push Notification",Push,2026-07-01,2026-07-31,88,88,18,88,88,3
17/7/2026,672322203074,"[Velocity] - All AU PAX - 260617",960822163822,"Push Notification",Push,2026-07-01,2026-07-31,88,85,33,85,85,12
4/8/2026,,"",779516641674,"Push Notification",Push,2026-07-01,2026-07-31,1431,1369,522,1369,1369,160
15/5/2026,618876829781,"[Welcomepack] Brisbane - 270326 - 310526",566514618955,"Push Notification",Push,2026-07-01,2026-07-31,62,62,10,62,62,7
10/8/2026,626716093610,"[Growth] - BNE - 260810-0816",486949025107,"Push Notification",Push,2026-07-01,2026-07-31,3383,3231,1281,3231,3231,73
1/8/2026,760115651527,"[Referral Comms] - Post Trip Push - All AU (ex-PER/GC/NTL) - 010726 - 310826",717863995066,"Push Notification",Push,2026-07-01,2026-07-31,14202,13538,5405,13538,13538,376
4/7/2026,760115651527,"[Referral Comms] - Post Trip Push - All AU (ex-PER/GC/NTL) - 010726 - 310826",717863995066,"Push Notification",Push,2026-07-01,2026-07-31,14529,13847,5531,13847,13847,353
4/7/2026,740716308217,"[Referral Comms] - Post Trip Push - PER/GC/NTL - 010726 - 310726",987569903347,"Push Notification",Push,2026-07-01,2026-07-31,3713,3547,1409,3547,3547,80
4/7/2026,,"",411553922808,"Push Notification",Push,2026-07-01,2026-07-31,3570,3411,1336,3411,3411,200
2/6/2026,338585231785,"[Referral Comms] - Post Trip Push - All AU (ex-PER/GC/NTL) - 010426 - 300626",185785203882,"Push Notification",Push,2026-07-01,2026-07-31,8256,7872,3138,7872,7872,223
2/6/2026,,"",974948197361,"Push Notification",Push,2026-07-01,2026-07-31,270,262,89,262,262,38
15/6/2026,831502419927,"[LV Recall] - Churned - BNE/CBR/PER- 150626",845474384488,"Push Notification",Push,2026-07-01,2026-07-31,6022,5736,2294,5736,5736,162
15/6/2026,,"",513397670636,"Push Notification",Push,2026-07-01,2026-07-31,9564,9117,3623,9117,9117,915
6/6/2026,338585231785,"[Referral Comms] - Post Trip Push - All AU (ex-PER/GC/NTL) - 010426 - 300626",185785203882,"Push Notification",Push,2026-07-01,2026-07-31,14211,13545,5407,13545,13545,357
6/6/2026,517618658746,"[Referral Comms] - Post Trip Push - PER/GC/NTL - 010426 - 300626",737810498056,"Push Notification",Push,2026-07-01,2026-07-31,3530,3374,1339,3374,3374,87
6/6/2026,869393301259,"[Growth] - BNE - 260601 to 260607",787753130485,"Push Notification",Push,2026-07-01,2026-07-31,262,262,86,262,262,7
14/5/2026,338585231785,"[Referral Comms] - Post Trip Push - All AU (ex-PER/GC/NTL) - 010426 - 300626",185785203882,"Push Notification",Push,2026-07-01,2026-07-31,10695,10197,4068,10197,10197,296
14/5/2026,721543876442,"[Welcomepack] Melbourne - 270326 - 310526",728716379637,"Push Notification",Push,2026-07-01,2026-07-31,158,158,48,158,158,8
14/5/2026,793168965925,"[Welcomepack] Sydney - 270326 - 310526",162360989017,"Push Notification",Push,2026-07-01,2026-07-31,129,129,40,129,129,5
7/8/2026,760115651527,"[Referral Comms] - Post Trip Push - All AU (ex-PER/GC/NTL) - 010726 - 310826",717863995066,"Push Notification",Push,2026-07-01,2026-07-31,13889,13239,5285,13239,13239,337
7/8/2026,740716308217,"[Referral Comms] - Post Trip Push - PER/GC/NTL - 010726 - 310726",987569903347,"Push Notification",Push,2026-07-01,2026-07-31,3655,3492,1386,3492,3492,88
12/6/2026,923624199448,"[Welcomepack] ROA - 010626 - 300626",188348388693,"Push Notification",Push,2026-07-01,2026-07-31,39,39,6,39,39,1
5/8/2026,630985266681,"[Welcomepack] Adelaide - 010726 - 310826",346225872989,"Push Notification",Push,2026-07-01,2026-07-31,47,47,7,47,47,5
1/8/2026,353872672811,"[Welcomepack] Melbourne - 150726 - 310826",482901241445,"Push Notification",Push,2026-07-01,2026-07-31,171,171,40,171,171,5
6/7/2026,648364805553,"[Welcomepack] Perth - 010726-310826",469860803149,"Push Notification",Push,2026-07-01,2026-07-31,1,1,0,1,1,0
22/6/2026,517618658746,"[Referral Comms] - Post Trip Push - PER/GC/NTL - 010426 - 300626",737810498056,"Push Notification",Push,2026-07-01,2026-07-31,2372,2270,901,2270,2270,52
22/6/2026,379536140882,"[HV Recall] - Churned - BNE/SYD - 220626",944188837429,"Push Notification",Push,2026-07-01,2026-07-31,5399,5143,2057,5143,5143,180
22/6/2026,,"",877051836072,"Push Notification",Push,2026-07-01,2026-07-31,9567,9122,3628,9122,9122,947
22/6/2026,338585231785,"[Referral Comms] - Post Trip Push - All AU (ex-PER/GC/NTL) - 010426 - 300626",185785203882,"Push Notification",Push,2026-07-01,2026-07-31,8129,7753,3092,7753,7753,223
18/7/2026,740716308217,"[Referral Comms] - Post Trip Push - PER/GC/NTL - 010726 - 310726",987569903347,"Push Notification",Push,2026-07-01,2026-07-31,3908,3735,1484,3735,3735,100
18/7/2026,741753840511,"[Welcomepack] Sydney - 010726 - 310826",486833611920,"Push Notification",Push,2026-07-01,2026-07-31,120,120,31,120,120,4
20/5/2026,517618658746,"[Referral Comms] - Post Trip Push - PER/GC/NTL - 010426 - 300626",737810498056,"Push Notification",Push,2026-07-01,2026-07-31,3070,2932,1165,2932,2932,77
20/5/2026,793168965925,"[Welcomepack] Sydney - 270326 - 310526",646839636533,"Push Notification",Push,2026-07-01,2026-07-31,230,228,75,228,228,11
27/6/2026,648028973443,"[Welcomepack] Melbourne - 010626 - 300626",953165714332,"Push Notification",Push,2026-07-01,2026-07-31,144,144,38,144,144,6
21/5/2026,715376425407,"[Welcomepack] Gold Coast - 270326 - 310526",515551942648,"Push Notification",Push,2026-07-01,2026-07-31,10,10,1,10,10,2
21/5/2026,917960176653,"[Growth] - BNE - 260518 to 260524",564325797126,"Push Notification",Push,2026-07-01,2026-07-31,383,383,135,383,383,20
21/5/2026,761807651579,"[Re-active]-BNE-260518 to 260524",305660795016,"Push Notification",Push,2026-07-01,2026-07-31,438,438,153,438,438,23
19/7/2026,467298157113,"[Welcomepack] Gold Coast - 010726-310826",722834781425,"Push Notification",Push,2026-07-01,2026-07-31,15,15,1,15,15,0
1/8/2026,741753840511,"[Welcomepack] Sydney - 010726 - 310826",486833611920,"Push Notification",Push,2026-07-01,2026-07-31,140,140,31,140,140,9
12/8/2026,760115651527,"[Referral Comms] - Post Trip Push - All AU (ex-PER/GC/NTL) - 010726 - 310826",717863995066,"Push Notification",Push,2026-07-01,2026-07-31,9984,9521,3800,9521,9521,272
12/8/2026,277051823107,"perp机场discount push",375163866828,"Push Notification",Push,2026-07-01,2026-07-31,172,170,57,170,170,6
12/8/2026,979837719027,"[Re-active]-BNE-2608010-0816",147579973910,"Push Notification",Push,2026-07-01,2026-07-31,223,223,72,223,223,14
12/8/2026,741753840511,"[Welcomepack] Sydney - 010726 - 310826",102776764256,"Push Notification",Push,2026-07-01,2026-07-31,203,203,63,203,203,16
8/6/2026,518885434739,"[Welcomepack] Brisbane - 010626 - 300626",575281193171,"Push Notification",Push,2026-07-01,2026-07-31,4,4,0,4,4,1
7/7/2026,288050384157,"State of Origin(Game 3)_QLD",503105117458,"Push Notification",Push,2026-07-01,2026-07-31,93843,89375,35749,89375,89375,2766
7/7/2026,740716308217,"[Referral Comms] - Post Trip Push - PER/GC/NTL - 010726 - 310726",987569903347,"Push Notification",Push,2026-07-01,2026-07-31,1941,1859,734,1859,1859,58
12/8/2026,565978519733,"[CAN] - 20260804",556243023064,"Push Notification",Push,2026-07-01,2026-07-31,10,10,4,10,10,0
12/8/2026,916595521931,"[Welcomepack] Perth - 150726-310826",178571781335,"Push Notification",Push,2026-07-01,2026-07-31,136,136,31,136,136,10
25/7/2026,505799234357,"[Growth] - BNE - 260720 to 260726",121387163908,"Push Notification",Push,2026-07-01,2026-07-31,382,381,135,381,381,17
26/6/2026,338585231785,"[Referral Comms] - Post Trip Push - All AU (ex-PER/GC/NTL) - 010426 - 300626",185785203882,"Push Notification",Push,2026-07-01,2026-07-31,13492,12862,5137,12862,12862,308
26/6/2026,517618658746,"[Referral Comms] - Post Trip Push - PER/GC/NTL - 010426 - 300626",737810498056,"Push Notification",Push,2026-07-01,2026-07-31,3779,3609,1432,3609,3609,86
26/6/2026,732567329072,"[Welcomepack] Perth - 010626-300626",387509162941,"Push Notification",Push,2026-07-01,2026-07-31,66,66,13,66,66,2
9/5/2026,517618658746,"[Referral Comms] - Post Trip Push - PER/GC/NTL - 010426 - 300626",737810498056,"Push Notification",Push,2026-07-01,2026-07-31,3299,3152,1251,3152,3152,93
9/5/2026,338585231785,"[Referral Comms] - Post Trip Push - All AU (ex-PER/GC/NTL) - 010426 - 300626",185785203882,"Push Notification",Push,2026-07-01,2026-07-31,14728,14037,5606,14037,14037,378
9/5/2026,964475539071,"[Welcomepack] ROA - 270326 - 310526",273175774218,"Push Notification",Push,2026-07-01,2026-07-31,33,33,4,33,33,0
9/5/2026,863982234662,"[Re-active]-BNE-260504to 260510",186036127777,"Push Notification",Push,2026-07-01,2026-07-31,347,346,119,346,346,14
9/5/2026,687288798198,"[Growth] - BNE - 260504 to 260509",713192233970,"Push Notification",Push,2026-07-01,2026-07-31,160,160,45,160,160,12
9/5/2026,,"",622373320838,"Push Notification",Push,2026-07-01,2026-07-31,2360,2256,882,2256,2256,130
9/5/2026,715376425407,"[Welcomepack] Gold Coast - 270326 - 310526",515551942648,"Push Notification",Push,2026-07-01,2026-07-31,11,11,1,11,11,1
18/5/2026,213827814069,"[Recall] HV Silent - ALL AU - 180526",579650410326,"Push Notification",Push,2026-07-01,2026-07-31,11702,11145,4457,11145,11145,399
17/5/2026,937380599803,"[Welcomepack] Adelaide - 270326 - 310526",993133983077,"Push Notification",Push,2026-07-01,2026-07-31,32,32,5,32,32,3
17/5/2026,961125907052,"[Re-active]-BNE-260511 to 260517",430017936969,"Push Notification",Push,2026-07-01,2026-07-31,235,235,74,235,235,12
17/5/2026,585941796532,"[Welcomepack] Perth - 270326-310526",120920194274,"Push Notification",Push,2026-07-01,2026-07-31,60,60,14,60,60,0
18/5/2026,338585231785,"[Referral Comms] - Post Trip Push - All AU (ex-PER/GC/NTL) - 010426 - 300626",185785203882,"Push Notification",Push,2026-07-01,2026-07-31,8738,8332,3322,8332,8332,218
13/5/2026,338585231785,"[Referral Comms] - Post Trip Push - All AU (ex-PER/GC/NTL) - 010426 - 300626",185785203882,"Push Notification",Push,2026-07-01,2026-07-31,9888,9426,3762,9426,9426,223
13/5/2026,517618658746,"[Referral Comms] - Post Trip Push - PER/GC/NTL - 010426 - 300626",737810498056,"Push Notification",Push,2026-07-01,2026-07-31,2964,2834,1125,2834,2834,70
13/5/2026,964475539071,"[Welcomepack] ROA - 270326 - 310526",273175774218,"Push Notification",Push,2026-07-01,2026-07-31,65,65,18,65,65,7
15/6/2026,517618658746,"[Referral Comms] - Post Trip Push - PER/GC/NTL - 010426 - 300626",737810498056,"Push Notification",Push,2026-07-01,2026-07-31,2503,2396,948,2396,2396,65
20/5/2026,721543876442,"[Welcomepack] Melbourne - 270326 - 310526",728716379637,"Push Notification",Push,2026-07-01,2026-07-31,186,186,57,186,186,9
21/6/2026,767066119293,"[Welcomepack] Sydney - 010626 - 300626",223926884028,"Push Notification",Push,2026-07-01,2026-07-31,124,124,31,124,124,5
21/6/2026,930609390534,"[Growth] - BNE - 260617 to 260621",474229212406,"Push Notification",Push,2026-07-01,2026-07-31,138,138,35,138,138,5
21/6/2026,518885434739,"[Welcomepack] Brisbane - 010626 - 300626",880786568539,"Push Notification",Push,2026-07-01,2026-07-31,67,67,18,67,67,3
21/6/2026,925298179229,"[Re-active]-BNE-260617 to 260621",628143213006,"Push Notification",Push,2026-07-01,2026-07-31,163,163,45,163,163,8
14/5/2026,961125907052,"[Re-active]-BNE-260511 to 260517",149953178800,"Push Notification",Push,2026-07-01,2026-07-31,414,414,147,414,414,21
7/8/2026,,"",779516641674,"Push Notification",Push,2026-07-01,2026-07-31,8327,7940,3147,7940,7940,403
6/5/2026,338585231785,"[Referral Comms] - Post Trip Push - All AU (ex-PER/GC/NTL) - 010426 - 300626",185785203882,"Push Notification",Push,2026-07-01,2026-07-31,6149,5868,2338,5868,5868,200
6/5/2026,517618658746,"[Referral Comms] - Post Trip Push - PER/GC/NTL - 010426 - 300626",737810498056,"Push Notification",Push,2026-07-01,2026-07-31,2088,1999,791,1999,1999,65
6/5/2026,863982234662,"[Re-active]-BNE-260504to 260510",465927603874,"Push Notification",Push,2026-07-01,2026-07-31,175,175,51,175,175,14
6/5/2026,585941796532,"[Welcomepack] Perth - 270326-310526",120920194274,"Push Notification",Push,2026-07-01,2026-07-31,61,61,12,61,61,6
20/5/2026,761807651579,"[Re-active]-BNE-260518 to 260524",202698570101,"Push Notification",Push,2026-07-01,2026-07-31,10100,9627,3842,9627,9627,265
21/5/2026,585941796532,"[Welcomepack] Perth - 270326-310526",120920194274,"Push Notification",Push,2026-07-01,2026-07-31,57,57,13,57,57,4
29/6/2026,454643058196,"[Survey] SYD Airport Pick-up - Express + Travel",927226745731,"Push Notification",Push,2026-07-01,2026-07-31,115,115,30,115,115,7
21/5/2026,937380599803,"[Welcomepack] Adelaide - 270326 - 310526",993133983077,"Push Notification",Push,2026-07-01,2026-07-31,28,28,4,28,28,2
1/8/2026,916595521931,"[Welcomepack] Perth - 150726-310826",178571781335,"Push Notification",Push,2026-07-01,2026-07-31,74,74,11,74,74,3
12/8/2026,353872672811,"[Welcomepack] Melbourne - 150726 - 310826",124756658675,"Push Notification",Push,2026-07-01,2026-07-31,308,307,89,307,307,10
11/8/2026,740716308217,"[Referral Comms] - Post Trip Push - PER/GC/NTL - 010726 - 310726",987569903347,"Push Notification",Push,2026-07-01,2026-07-31,2753,2632,1041,2632,2632,81
20/6/2026,767066119293,"[Welcomepack] Sydney - 010626 - 300626",794919558033,"Push Notification",Push,2026-07-01,2026-07-31,108,108,25,108,108,8
26/6/2026,454643058196,"[Survey] SYD Airport Pick-up - Express + Travel",927226745731,"Push Notification",Push,2026-07-01,2026-07-31,110,110,27,110,110,8
26/6/2026,648028973443,"[Welcomepack] Melbourne - 010626 - 300626",537822999599,"Push Notification",Push,2026-07-01,2026-07-31,131,131,30,131,131,4
15/6/2026,939608967791,"[Welcomepack] Adelaide - 010626 - 300626",854628660238,"Push Notification",Push,2026-07-01,2026-07-31,51,51,10,51,51,4
13/5/2026,399208062288,"[Growth] - BNE - 260511 to 260517",376771102355,"Push Notification",Push,2026-07-01,2026-07-31,403,403,140,403,403,16
5/7/2026,,"",411553922808,"Push Notification",Push,2026-07-01,2026-07-31,1116,1068,401,1068,1068,85
5/7/2026,454643058196,"[Survey] SYD Airport Pick-up - Express + Travel",927226745731,"Push Notification",Push,2026-07-01,2026-07-31,112,112,27,112,112,14
5/7/2026,121305656351,"[Growth] - BNE - 260629 to 260705",970975658903,"Push Notification",Push,2026-07-01,2026-07-31,129,129,30,129,129,7
20/5/2026,917960176653,"[Growth] - BNE - 260518 to 260524",157148101951,"Push Notification",Push,2026-07-01,2026-07-31,7438,7095,2829,7095,7095,226
14/5/2026,937380599803,"[Welcomepack] Adelaide - 270326 - 310526",993133983077,"Push Notification",Push,2026-07-01,2026-07-31,33,33,3,33,33,1
14/5/2026,715376425407,"[Welcomepack] Gold Coast - 270326 - 310526",515551942648,"Push Notification",Push,2026-07-01,2026-07-31,14,14,1,14,14,1
17/6/2026,,"",440583353608,"Push Notification",Push,2026-07-01,2026-07-31,11181,10658,4243,10658,10658,983
7/8/2026,353872672811,"[Welcomepack] Melbourne - 150726 - 310826",482901241445,"Push Notification",Push,2026-07-01,2026-07-31,185,185,45,185,185,9
10/5/2026,,"",470546250963,"Push Notification",Push,2026-07-01,2026-07-31,2097,2003,782,2003,2003,106
10/5/2026,863982234662,"[Re-active]-BNE-260504to 260510",186036127777,"Push Notification",Push,2026-07-01,2026-07-31,184,184,56,184,184,10
10/5/2026,721543876442,"[Welcomepack] Melbourne - 270326 - 310526",196816714395,"Push Notification",Push,2026-07-01,2026-07-31,141,141,44,141,141,7
7/8/2026,277051823107,"perp机场discount push",375163866828,"Push Notification",Push,2026-07-01,2026-07-31,98,98,30,98,98,1
7/8/2026,916595521931,"[Welcomepack] Perth - 150726-310826",331093023454,"Push Notification",Push,2026-07-01,2026-07-31,83,83,17,83,83,4
5/8/2026,288754105149,"[Welcomepack] ROA - 010726 - 310826",712286265065,"Push Notification",Push,2026-07-01,2026-07-31,65,65,14,65,65,5
15/7/2026,467298157113,"[Welcomepack] Gold Coast - 010726-310826",722834781425,"Push Notification",Push,2026-07-01,2026-07-31,37,37,6,37,37,1
18/7/2026,,"",622373320838,"Push Notification",Push,2026-07-01,2026-07-31,6004,5729,2261,5729,5729,348
31/7/2026,741753840511,"[Welcomepack] Sydney - 010726 - 310826",486833611920,"Push Notification",Push,2026-07-01,2026-07-31,130,130,31,130,130,13
1/8/2026,630985266681,"[Welcomepack] Adelaide - 010726 - 310826",346225872989,"Push Notification",Push,2026-07-01,2026-07-31,29,29,3,29,29,3
12/8/2026,626716093610,"[Growth] - BNE - 260810-0816",900688832522,"Push Notification",Push,2026-07-01,2026-07-31,105,105,24,105,105,2
27/5/2026,197774104201,"[Welcomepack] Newcastle - 270326-310526",755424614532,"Push Notification",Push,2026-07-01,2026-07-31,11,11,0,11,11,0
26/6/2026,807426982295,"[Welcomepack] Gold Coast - 010626-300626",866226421673,"Push Notification",Push,2026-07-01,2026-07-31,12,12,1,12,12,0
1/8/2026,,"",622373320838,"Push Notification",Push,2026-07-01,2026-07-31,9343,8912,3535,8912,8912,805
28/5/2026,618876829781,"[Welcomepack] Brisbane - 270326 - 310526",100774271415,"Push Notification",Push,2026-07-01,2026-07-31,85,85,22,85,85,4
13/5/2026,937380599803,"[Welcomepack] Adelaide - 270326 - 310526",993133983077,"Push Notification",Push,2026-07-01,2026-07-31,47,47,9,47,47,5
13/5/2026,793168965925,"[Welcomepack] Sydney - 270326 - 310526",162360989017,"Push Notification",Push,2026-07-01,2026-07-31,163,163,53,163,163,6
10/8/2026,353872672811,"[Welcomepack] Melbourne - 150726 - 310826",754251145649,"Push Notification",Push,2026-07-01,2026-07-31,218,218,55,218,218,11
6/6/2026,766966313443,"[Re-active]-BNE-260601 to 260607",157166092508,"Push Notification",Push,2026-07-01,2026-07-31,412,409,145,409,409,22
12/6/2026,518885434739,"[Welcomepack] Brisbane - 010626 - 300626",286690008764,"Push Notification",Push,2026-07-01,2026-07-31,60,60,14,60,60,0
10/5/2026,585941796532,"[Welcomepack] Perth - 270326-310526",120920194274,"Push Notification",Push,2026-07-01,2026-07-31,58,58,12,58,58,4
22/6/2026,963218787153,"[Welcomepack] Newcastle - 010626-300626",134356329848,"Push Notification",Push,2026-07-01,2026-07-31,8,8,0,8,8,0
20/5/2026,592663234832,"[Welcomepack] Canberra - 270326 - 310526",327297956088,"Push Notification",Push,2026-07-01,2026-07-31,8,8,0,8,8,0
11/8/2026,741753840511,"[Welcomepack] Sydney - 010726 - 310826",486833611920,"Push Notification",Push,2026-07-01,2026-07-31,164,164,48,164,164,5
12/8/2026,362651154771,"mel机场discount push",152027986116,"Push Notification",Push,2026-07-01,2026-07-31,129,129,42,129,129,4
17/5/2026,399208062288,"[Growth] - BNE - 260511 to 260517",842488771129,"Push Notification",Push,2026-07-01,2026-07-31,166,166,46,166,166,12
26/5/2026,937380599803,"[Welcomepack] Adelaide - 270326 - 310526",993133983077,"Push Notification",Push,2026-07-01,2026-07-31,39,39,8,39,39,0
2/8/2026,,"",622373320838,"Push Notification",Push,2026-07-01,2026-07-31,1616,1546,592,1546,1546,176
14/5/2026,618876829781,"[Welcomepack] Brisbane - 270326 - 310526",100774271415,"Push Notification",Push,2026-07-01,2026-07-31,62,62,14,62,62,4
17/6/2026,648028973443,"[Welcomepack] Melbourne - 010626 - 300626",953165714332,"Push Notification",Push,2026-07-01,2026-07-31,215,215,66,215,215,6
7/8/2026,630985266681,"[Welcomepack] Adelaide - 010726 - 310826",346225872989,"Push Notification",Push,2026-07-01,2026-07-31,37,37,2,37,37,3
7/8/2026,981527024761,"[Welcomepack] Brisbane - 150726 - 310826",893890130213,"Push Notification",Push,2026-07-01,2026-07-31,70,70,12,70,70,6
7/8/2026,741753840511,"[Welcomepack] Sydney - 010726 - 310826",486833611920,"Push Notification",Push,2026-07-01,2026-07-31,124,124,31,124,124,3
19/7/2026,741753840511,"[Welcomepack] Sydney - 010726 - 310826",486833611920,"Push Notification",Push,2026-07-01,2026-07-31,119,119,28,119,119,6
25/6/2026,648028973443,"[Welcomepack] Melbourne - 010626 - 300626",953165714332,"Push Notification",Push,2026-07-01,2026-07-31,170,170,47,170,170,8
12/8/2026,210227775111,"bri机场discount push",250261157906,"Push Notification",Push,2026-07-01,2026-07-31,56,56,14,56,56,3
7/7/2026,,"",622373320838,"Push Notification",Push,2026-07-01,2026-07-31,150,148,36,148,148,21
13/7/2026,,"",411553922808,"Push Notification",Push,2026-07-01,2026-07-31,10039,9571,3802,9571,9571,880
28/5/2026,964475539071,"[Welcomepack] ROA - 270326 - 310526",273175774218,"Push Notification",Push,2026-07-01,2026-07-31,35,35,5,35,35,1
3/7/2026,,"",622373320838,"Push Notification",Push,2026-07-01,2026-07-31,7416,7076,2799,7076,7076,672
26/6/2026,767066119293,"[Welcomepack] Sydney - 010626 - 300626",794919558033,"Push Notification",Push,2026-07-01,2026-07-31,96,96,20,96,96,6
15/6/2026,648028973443,"[Welcomepack] Melbourne - 010626 - 300626",537822999599,"Push Notification",Push,2026-07-01,2026-07-31,183,183,56,183,183,9
15/6/2026,732567329072,"[Welcomepack] Perth - 010626-300626",387509162941,"Push Notification",Push,2026-07-01,2026-07-31,72,72,13,72,72,2
15/6/2026,963218787153,"[Welcomepack] Newcastle - 010626-300626",134356329848,"Push Notification",Push,2026-07-01,2026-07-31,8,8,0,8,8,1
21/6/2026,177848202834,"[Survey] SYD Airport Pick-up - Express + Travel",289105235655,"Push Notification",Push,2026-07-01,2026-07-31,206,205,64,205,205,21
24/6/2026,732567329072,"[Welcomepack] Perth - 010626-300626",387509162941,"Push Notification",Push,2026-07-01,2026-07-31,98,98,21,98,98,1
21/5/2026,,"",622373320838,"Push Notification",Push,2026-07-01,2026-07-31,2480,2372,926,2372,2372,247
12/8/2026,630985266681,"[Welcomepack] Adelaide - 010726 - 310826",533381541052,"Push Notification",Push,2026-07-01,2026-07-31,54,54,12,54,54,3
27/5/2026,,"",813988941382,"Push Notification",Push,2026-07-01,2026-07-31,15078,14369,5731,14369,14369,1210
12/8/2026,740716308217,"[Referral Comms] - Post Trip Push - PER/GC/NTL - 010726 - 310726",987569903347,"Push Notification",Push,2026-07-01,2026-07-31,3005,2872,1138,2872,2872,58
1/8/2026,981527024761,"[Welcomepack] Brisbane - 150726 - 310826",803587005585,"Push Notification",Push,2026-07-01,2026-07-31,64,64,14,64,64,2
22/5/2026,721543876442,"[Welcomepack] Melbourne - 270326 - 310526",728716379637,"Push Notification",Push,2026-07-01,2026-07-31,90,90,24,90,90,5
4/7/2026,680768035598,"[Re-active]-BNE-260630 to 260705",910116216554,"Push Notification",Push,2026-07-01,2026-07-31,281,280,91,280,280,16
21/6/2026,923624199448,"[Welcomepack] ROA - 010626 - 300626",989334894899,"Push Notification",Push,2026-07-01,2026-07-31,43,43,10,43,43,5
2/6/2026,766966313443,"[Re-active]-BNE-260601 to 260607",857256932263,"Push Notification",Push,2026-07-01,2026-07-31,360,360,126,360,360,23
2/8/2026,630985266681,"[Welcomepack] Adelaide - 010726 - 310826",640052072564,"Push Notification",Push,2026-07-01,2026-07-31,31,31,1,31,31,0
24/6/2026,923624199448,"[Welcomepack] ROA - 010626 - 300626",221907571596,"Push Notification",Push,2026-07-01,2026-07-31,47,47,8,47,47,5
24/6/2026,330326033929,"[Survey] ADL Airport Pick-up - Express + Travel",866571435619,"Push Notification",Push,2026-07-01,2026-07-31,8,8,0,8,8,1
22/6/2026,330326033929,"[Survey] ADL Airport Pick-up - Express + Travel",866571435619,"Push Notification",Push,2026-07-01,2026-07-31,22,22,2,22,22,3
31/7/2026,916595521931,"[Welcomepack] Perth - 150726-310826",178571781335,"Push Notification",Push,2026-07-01,2026-07-31,86,86,13,86,86,4
25/6/2026,330326033929,"[Survey] ADL Airport Pick-up - Express + Travel",866571435619,"Push Notification",Push,2026-07-01,2026-07-31,11,11,0,11,11,1
19/7/2026,605475721206,"[Welcomepack] Newcastle - 010726-310726",703799973184,"Push Notification",Push,2026-07-01,2026-07-31,8,8,0,8,8,0
27/5/2026,937380599803,"[Welcomepack] Adelaide - 270326 - 310526",993133983077,"Push Notification",Push,2026-07-01,2026-07-31,41,41,9,41,41,2
25/7/2026,467298157113,"[Welcomepack] Gold Coast - 010726-310826",994760332426,"Push Notification",Push,2026-07-01,2026-07-31,16,16,0,16,16,0
25/7/2026,981527024761,"[Welcomepack] Brisbane - 150726 - 310826",650181199427,"Push Notification",Push,2026-07-01,2026-07-31,9,9,1,9,9,0
28/7/2026,916595521931,"[Welcomepack] Perth - 150726-310826",460109357141,"Push Notification",Push,2026-07-01,2026-07-31,81,81,17,81,81,4
4/8/2026,207268638879,"Ade机场discount push",656910201176,"Push Notification",Push,2026-07-01,2026-07-31,27,27,5,27,27,0
10/5/2026,197774104201,"[Welcomepack] Newcastle - 270326-310526",755424614532,"Push Notification",Push,2026-07-01,2026-07-31,4,4,0,4,4,0
24/6/2026,767066119293,"[Welcomepack] Sydney - 010626 - 300626",794919558033,"Push Notification",Push,2026-07-01,2026-07-31,172,172,49,172,172,4
18/5/2026,793168965925,"[Welcomepack] Sydney - 270326 - 310526",646839636533,"Push Notification",Push,2026-07-01,2026-07-31,116,116,34,116,116,5
1/8/2026,379358154481,"[Welcomepack] Canberra - 010726 - 310826",733730389916,"Push Notification",Push,2026-07-01,2026-07-31,2,2,0,2,2,0
18/5/2026,,"",622373320838,"Push Notification",Push,2026-07-01,2026-07-31,11104,10583,4213,10583,10583,1242
20/6/2026,930609390534,"[Growth] - BNE - 260617 to 260621",474229212406,"Push Notification",Push,2026-07-01,2026-07-31,296,296,101,296,296,14
2/8/2026,288754105149,"[Welcomepack] ROA - 010726 - 310826",861735291370,"Push Notification",Push,2026-07-01,2026-07-31,48,48,9,48,48,1
10/5/2026,618876829781,"[Welcomepack] Brisbane - 270326 - 310526",100774271415,"Push Notification",Push,2026-07-01,2026-07-31,55,55,11,55,55,4
1/8/2026,605475721206,"[Welcomepack] Newcastle - 010726-310726",703799973184,"Push Notification",Push,2026-07-01,2026-07-31,5,5,0,5,5,0
16/6/2026,732567329072,"[Welcomepack] Perth - 010626-300626",879558756562,"Push Notification",Push,2026-07-01,2026-07-31,100,100,23,100,100,5
12/8/2026,467298157113,"[Welcomepack] Gold Coast - 010726-310826",553437141391,"Push Notification",Push,2026-07-01,2026-07-31,29,29,2,29,29,2
3/8/2026,741753840511,"[Welcomepack] Sydney - 010726 - 310826",894993595060,"Push Notification",Push,2026-07-01,2026-07-31,130,130,34,130,130,4
12/8/2026,920399069682,"Airport Pick-up Survey - 0731",116828773946,"Push Notification",Push,2026-07-01,2026-07-31,59,59,10,59,59,2
30/5/2026,972411328708,"[Growth] - NTL - 260529",961279061551,"Push Notification",Push,2026-07-01,2026-07-31,340,325,129,325,325,12
30/5/2026,338585231785,"[Referral Comms] - Post Trip Push - All AU (ex-PER/GC/NTL) - 010426 - 300626",185785203882,"Push Notification",Push,2026-07-01,2026-07-31,15140,14428,5762,14428,14428,400
30/5/2026,585941796532,"[Welcomepack] Perth - 270326-310526",120920194274,"Push Notification",Push,2026-07-01,2026-07-31,51,51,13,51,51,4
24/7/2026,843291526219,"[HV Recall] - Churned - ADL/CBR/PER/SYD - 200726",278340207190,"Push Notification",Push,2026-07-01,2026-07-31,18775,17883,7152,17883,17883,926
24/7/2026,891585995859,"[HP Grower Unclear No Demand] - SYD - 260721",214774139974,"Push Notification",Push,2026-07-01,2026-07-31,9612,9155,3661,9155,9155,292
24/7/2026,740716308217,"[Referral Comms] - Post Trip Push - PER/GC/NTL - 010726 - 310726",987569903347,"Push Notification",Push,2026-07-01,2026-07-31,3935,3758,1491,3758,3758,101
24/7/2026,505799234357,"[Growth] - BNE - 260720 to 260726",698126634604,"Push Notification",Push,2026-07-01,2026-07-31,392,392,137,392,392,20
18/5/2026,715376425407,"[Welcomepack] Gold Coast - 270326 - 310526",515551942648,"Push Notification",Push,2026-07-01,2026-07-31,16,16,1,16,16,1
28/6/2026,338585231785,"[Referral Comms] - Post Trip Push - All AU (ex-PER/GC/NTL) - 010426 - 300626",185785203882,"Push Notification",Push,2026-07-01,2026-07-31,9743,9290,3706,9290,9290,255
28/6/2026,454643058196,"[Survey] SYD Airport Pick-up - Express + Travel",864232319791,"Push Notification",Push,2026-07-01,2026-07-31,114,114,33,114,114,12
29/7/2026,288754105149,"[Welcomepack] ROA - 010726 - 310826",861735291370,"Push Notification",Push,2026-07-01,2026-07-31,54,54,10,54,54,4
23/6/2026,517618658746,"[Referral Comms] - Post Trip Push - PER/GC/NTL - 010426 - 300626",737810498056,"Push Notification",Push,2026-07-01,2026-07-31,2642,2526,1000,2526,2526,65
23/6/2026,697627905278,"[Re-active] - NTL - 260622",834814132856,"Push Notification",Push,2026-07-01,2026-07-31,487,464,185,464,464,16
11/6/2026,517618658746,"[Referral Comms] - Post Trip Push - PER/GC/NTL - 010426 - 300626",737810498056,"Push Notification",Push,2026-07-01,2026-07-31,3129,2992,1188,2992,2992,81
11/6/2026,,"",643614499175,"Push Notification",Push,2026-07-01,2026-07-31,1063,1019,386,1019,1019,137
29/5/2026,767747838181,"[Re-active] - SYD - 260529",248768874344,"Push Notification",Push,2026-07-01,2026-07-31,10320,9829,3931,9829,9829,270
29/5/2026,793168965925,"[Welcomepack] Sydney - 270326 - 310526",646839636533,"Push Notification",Push,2026-07-01,2026-07-31,98,98,29,98,98,2
29/5/2026,937380599803,"[Welcomepack] Adelaide - 270326 - 310526",993133983077,"Push Notification",Push,2026-07-01,2026-07-31,35,35,6,35,35,1
11/6/2026,943231771893,"[Re-active]-BNE-260608 to 260614",221061608029,"Push Notification",Push,2026-07-01,2026-07-31,275,275,90,275,275,14
11/6/2026,732567329072,"[Welcomepack] Perth - 010626-300626",515393984302,"Push Notification",Push,2026-07-01,2026-07-31,7,7,0,7,7,0
11/8/2026,979837719027,"[Re-active]-BNE-2608010-0816",932425090733,"Push Notification",Push,2026-07-01,2026-07-31,324,324,108,324,324,15
23/7/2026,741753840511,"[Welcomepack] Sydney - 010726 - 310826",486833611920,"Push Notification",Push,2026-07-01,2026-07-31,181,181,51,181,181,5
26/7/2026,467298157113,"[Welcomepack] Gold Coast - 010726-310826",722834781425,"Push Notification",Push,2026-07-01,2026-07-31,11,11,0,11,11,0
12/8/2026,981527024761,"[Welcomepack] Brisbane - 150726 - 310826",641954871439,"Push Notification",Push,2026-07-01,2026-07-31,152,152,38,152,152,7
28/6/2026,732567329072,"[Welcomepack] Perth - 010626-300626",387509162941,"Push Notification",Push,2026-07-01,2026-07-31,67,67,15,67,67,1
28/6/2026,648028973443,"[Welcomepack] Melbourne - 010626 - 300626",537822999599,"Push Notification",Push,2026-07-01,2026-07-31,157,157,46,157,157,6
28/6/2026,,"",594765771165,"Push Notification",Push,2026-07-01,2026-07-31,341,329,116,329,329,37
11/8/2026,353872672811,"[Welcomepack] Melbourne - 150726 - 310826",716358989476,"Push Notification",Push,2026-07-01,2026-07-31,238,238,61,238,238,8
11/8/2026,916595521931,"[Welcomepack] Perth - 150726-310826",963736168333,"Push Notification",Push,2026-07-01,2026-07-31,106,106,22,106,106,8
29/6/2026,,"",622373320838,"Push Notification",Push,2026-07-01,2026-07-31,9644,9195,3660,9195,9195,928
23/7/2026,,"",622373320838,"Push Notification",Push,2026-07-01,2026-07-31,1705,1632,628,1632,1632,162
6/8/2026,981527024761,"[Welcomepack] Brisbane - 150726 - 310826",714471183566,"Push Notification",Push,2026-07-01,2026-07-31,121,121,25,121,121,7
11/7/2026,760115651527,"[Referral Comms] - Post Trip Push - All AU (ex-PER/GC/NTL) - 010726 - 310826",717863995066,"Push Notification",Push,2026-07-01,2026-07-31,14587,13904,5553,13904,13904,353
11/7/2026,451622462559,"SYD/ADL Airport Pick-up Survey",880678553132,"Push Notification",Push,2026-07-01,2026-07-31,135,135,37,135,135,11
29/5/2026,715376425407,"[Welcomepack] Gold Coast - 270326 - 310526",515551942648,"Push Notification",Push,2026-07-01,2026-07-31,18,18,2,18,18,2
28/6/2026,767066119293,"[Welcomepack] Sydney - 010626 - 300626",870699216680,"Push Notification",Push,2026-07-01,2026-07-31,134,134,34,134,134,13
11/8/2026,626716093610,"[Growth] - BNE - 260810-0816",900688832522,"Push Notification",Push,2026-07-01,2026-07-31,169,169,48,169,169,5
17/6/2026,350400222221,"[Welcomepack] Canberra - 010626 - 300626",859645718418,"Push Notification",Push,2026-07-01,2026-07-31,2,2,0,2,2,0
30/5/2026,,"",622373320838,"Push Notification",Push,2026-07-01,2026-07-31,2396,2290,896,2290,2290,260
23/6/2026,939608967791,"[Welcomepack] Adelaide - 010626 - 300626",854628660238,"Push Notification",Push,2026-07-01,2026-07-31,35,35,5,35,35,2
23/6/2026,648028973443,"[Welcomepack] Melbourne - 010626 - 300626",537822999599,"Push Notification",Push,2026-07-01,2026-07-31,183,183,54,183,183,12
6/8/2026,467298157113,"[Welcomepack] Gold Coast - 010726-310826",694772992823,"Push Notification",Push,2026-07-01,2026-07-31,14,14,0,14,14,0
13/5/2026,585941796532,"[Welcomepack] Perth - 270326-310526",700265107704,"Push Notification",Push,2026-07-01,2026-07-31,102,102,29,102,102,5
23/7/2026,353872672811,"[Welcomepack] Melbourne - 150726 - 310826",447000224034,"Push Notification",Push,2026-07-01,2026-07-31,8,8,0,8,8,0
16/7/2026,605475721206,"[Welcomepack] Newcastle - 010726-310726",703799973184,"Push Notification",Push,2026-07-01,2026-07-31,6,6,0,6,6,0
11/7/2026,,"",411553922808,"Push Notification",Push,2026-07-01,2026-07-31,8787,8377,3323,8377,8377,540
15/6/2026,807426982295,"[Welcomepack] Gold Coast - 010626-300626",866226421673,"Push Notification",Push,2026-07-01,2026-07-31,20,20,2,20,20,6
12/6/2026,648028973443,"[Welcomepack] Melbourne - 010626 - 300626",848565217618,"Push Notification",Push,2026-07-01,2026-07-31,144,144,40,144,144,1
29/5/2026,,"",779516641674,"Push Notification",Push,2026-07-01,2026-07-31,2729,2606,1025,2606,2606,223
24/7/2026,741753840511,"[Welcomepack] Sydney - 010726 - 310826",536486578542,"Push Notification",Push,2026-07-01,2026-07-31,130,130,30,130,130,6
11/8/2026,271294753036,"syd机场discount push",737711209451,"Push Notification",Push,2026-07-01,2026-07-31,111,111,38,111,111,5
6/6/2026,767066119293,"[Welcomepack] Sydney - 010626 - 300626",190383282756,"Push Notification",Push,2026-07-01,2026-07-31,5,5,0,5,5,0
17/6/2026,732567329072,"[Welcomepack] Perth - 010626-300626",879558756562,"Push Notification",Push,2026-07-01,2026-07-31,148,148,42,148,148,12
23/6/2026,923624199448,"[Welcomepack] ROA - 010626 - 300626",580464854996,"Push Notification",Push,2026-07-01,2026-07-31,35,35,5,35,35,1
18/6/2026,732567329072,"[Welcomepack] Perth - 010626-300626",879558756562,"Push Notification",Push,2026-07-01,2026-07-31,88,88,17,88,88,2
23/7/2026,630985266681,"[Welcomepack] Adelaide - 010726 - 310826",346225872989,"Push Notification",Push,2026-07-01,2026-07-31,41,41,5,41,41,5
12/5/2026,964475539071,"[Welcomepack] ROA - 270326 - 310526",707851972585,"Push Notification",Push,2026-07-01,2026-07-31,42,42,5,42,42,5
14/6/2026,177848202834,"[Survey] SYD Airport Pick-up - Express + Travel",646348488601,"Push Notification",Push,2026-07-01,2026-07-31,79,79,20,79,79,12
14/6/2026,807426982295,"[Welcomepack] Gold Coast - 010626-300626",631934131957,"Push Notification",Push,2026-07-01,2026-07-31,22,22,0,22,22,1
23/6/2026,732567329072,"[Welcomepack] Perth - 010626-300626",387509162941,"Push Notification",Push,2026-07-01,2026-07-31,94,94,26,94,94,4
16/7/2026,467298157113,"[Welcomepack] Gold Coast - 010726-310826",722834781425,"Push Notification",Push,2026-07-01,2026-07-31,25,25,2,25,25,2
19/5/2026,937380599803,"[Welcomepack] Adelaide - 270326 - 310526",721317908136,"Push Notification",Push,2026-07-01,2026-07-31,46,46,11,46,46,1
11/8/2026,,"",622373320838,"Push Notification",Push,2026-07-01,2026-07-31,2814,2689,1045,2689,2689,124
11/6/2026,807426982295,"[Welcomepack] Gold Coast - 010626-300626",408759776305,"Push Notification",Push,2026-07-01,2026-07-31,1,1,0,1,1,0
30/5/2026,721543876442,"[Welcomepack] Melbourne - 270326 - 310526",227934045924,"Push Notification",Push,2026-07-01,2026-07-31,118,118,36,118,118,7
4/8/2026,630985266681,"[Welcomepack] Adelaide - 010726 - 310826",346225872989,"Push Notification",Push,2026-07-01,2026-07-31,34,34,3,34,34,1
13/7/2026,467298157113,"[Welcomepack] Gold Coast - 010726-310826",593185432017,"Push Notification",Push,2026-07-01,2026-07-31,16,16,1,16,16,2
24/6/2026,939608967791,"[Welcomepack] Adelaide - 010626 - 300626",854628660238,"Push Notification",Push,2026-07-01,2026-07-31,44,44,8,44,44,3
11/7/2026,396237798717,"[Welcomepack] Melbourne - 010726 - 310826",236342078998,"Push Notification",Push,2026-07-01,2026-07-31,12,12,0,12,12,1
17/6/2026,177848202834,"[Survey] SYD Airport Pick-up - Express + Travel",289105235655,"Push Notification",Push,2026-07-01,2026-07-31,58,58,13,58,58,6
16/5/2026,937380599803,"[Welcomepack] Adelaide - 270326 - 310526",993133983077,"Push Notification",Push,2026-07-01,2026-07-31,26,26,3,26,26,2
14/6/2026,518885434739,"[Welcomepack] Brisbane - 010626 - 300626",880786568539,"Push Notification",Push,2026-07-01,2026-07-31,76,76,17,76,76,4
12/6/2026,732567329072,"[Welcomepack] Perth - 010626-300626",387509162941,"Push Notification",Push,2026-07-01,2026-07-31,75,75,16,75,75,4
15/7/2026,564884905186,"[Welcomepack] Brisbane - 010726 - 310826",734738173125,"Push Notification",Push,2026-07-01,2026-07-31,42,42,10,42,42,1
24/7/2026,467298157113,"[Welcomepack] Gold Coast - 010726-310826",722834781425,"Push Notification",Push,2026-07-01,2026-07-31,22,22,0,22,22,2
11/8/2026,981527024761,"[Welcomepack] Brisbane - 150726 - 310826",225054539369,"Push Notification",Push,2026-07-01,2026-07-31,87,87,17,87,87,4
14/6/2026,963218787153,"[Welcomepack] Newcastle - 010626-300626",134356329848,"Push Notification",Push,2026-07-01,2026-07-31,2,2,0,2,2,0
14/6/2026,648028973443,"[Welcomepack] Melbourne - 010626 - 300626",953165714332,"Push Notification",Push,2026-07-01,2026-07-31,152,152,40,152,152,8
11/7/2026,564884905186,"[Welcomepack] Brisbane - 010726 - 310826",734738173125,"Push Notification",Push,2026-07-01,2026-07-31,3,3,0,3,3,0
30/5/2026,793168965925,"[Welcomepack] Sydney - 270326 - 310526",646839636533,"Push Notification",Push,2026-07-01,2026-07-31,102,102,27,102,102,5
11/6/2026,177848202834,"[Survey] SYD Airport Pick-up - Express + Travel",646348488601,"Push Notification",Push,2026-07-01,2026-07-31,58,58,12,58,58,5
17/7/2026,,"",779516641674,"Push Notification",Push,2026-07-01,2026-07-31,546,534,185,534,534,60
6/6/2026,,"",622373320838,"Push Notification",Push,2026-07-01,2026-07-31,221,217,69,217,217,47
18/6/2026,518885434739,"[Welcomepack] Brisbane - 010626 - 300626",880786568539,"Push Notification",Push,2026-07-01,2026-07-31,71,71,11,71,71,2
15/6/2026,518885434739,"[Welcomepack] Brisbane - 010626 - 300626",783882530551,"Push Notification",Push,2026-07-01,2026-07-31,71,71,16,71,71,1
19/5/2026,,"",779516641674,"Push Notification",Push,2026-07-01,2026-07-31,6142,5861,2323,5861,5861,478
11/5/2026,618876829781,"[Welcomepack] Brisbane - 270326 - 310526",100774271415,"Push Notification",Push,2026-07-01,2026-07-31,59,59,13,59,59,8
28/6/2026,923624199448,"[Welcomepack] ROA - 010626 - 300626",989334894899,"Push Notification",Push,2026-07-01,2026-07-31,38,38,5,38,38,2
1/7/2026,121305656351,"[Growth] - BNE - 260629 to 260705",970975658903,"Push Notification",Push,2026-07-01,2026-07-31,240,240,78,240,240,16
26/7/2026,605475721206,"[Welcomepack] Newcastle - 010726-310726",703799973184,"Push Notification",Push,2026-07-01,2026-07-31,6,6,0,6,6,0
8/8/2026,207268638879,"Ade机场discount push",656910201176,"Push Notification",Push,2026-07-01,2026-07-31,14,14,1,14,14,1
8/8/2026,362651154771,"mel机场discount push",152027986116,"Push Notification",Push,2026-07-01,2026-07-31,91,91,28,91,91,9
29/7/2026,551028008369,"[HP Grower Unclear No Demand] - SYD - 260727",640221660891,"Push Notification",Push,2026-07-01,2026-07-31,11150,10620,4246,10620,10620,505
22/5/2026,711405633721,"[Re-active] - NTL - 260518",896549685119,"Push Notification",Push,2026-07-01,2026-07-31,536,512,204,512,512,19
27/6/2026,517618658746,"[Referral Comms] - Post Trip Push - PER/GC/NTL - 010426 - 300626",737810498056,"Push Notification",Push,2026-07-01,2026-07-31,3467,3310,1316,3310,3310,95
20/7/2026,431729163425,"[Growth] - ADL - 260720",415266208245,"Push Notification",Push,2026-07-01,2026-07-31,2287,2179,871,2179,2179,61
12/6/2026,301882902669,"[HV Recall] - Churned - BNE/CBR/GC/ROA - 080626",628285799816,"Push Notification",Push,2026-07-01,2026-07-31,4612,4394,1757,4394,4394,201
8/5/2026,706658672403,"[Comms] Mother's Day - Used Delivery - AU (ex QLD) - 260506",560667545762,"Push Notification",Push,2026-07-01,2026-07-31,61751,58812,23522,58812,58812,1627
18/6/2026,632066249563,"Email - Verify - National - 20260618",213481901157,"Push Notification",Push,2026-07-01,2026-07-31,156627,149169,59667,149169,149169,9729
18/6/2026,341808011018,"[Velocity] Launch - SYD - 260617",564167206089,"Push Notification",Push,2026-07-01,2026-07-31,72749,69286,27713,69286,69286,1926
18/6/2026,964741413194,"[Re-active] - GC - 260617-260621",182934282579,"Push Notification",Push,2026-07-01,2026-07-31,1055,1006,401,1006,1006,28
8/7/2026,760115651527,"[Referral Comms] - Post Trip Push - All AU (ex-PER/GC/NTL) - 010726 - 310826",717863995066,"Push Notification",Push,2026-07-01,2026-07-31,9799,9343,3730,9343,9343,244
24/6/2026,885208007285,"[Pass Comms] High Active - 260624",146830036966,"Push Notification",Push,2026-07-01,2026-07-31,3726,3549,1418,3549,3549,110
27/6/2026,732567329072,"[Welcomepack] Perth - 010626-300626",689082123909,"Push Notification",Push,2026-07-01,2026-07-31,75,75,16,75,75,1
25/5/2026,,"",222284073168,"Push Notification",Push,2026-07-01,2026-07-31,8959,8541,3394,8541,8541,1070
25/5/2026,715376425407,"[Welcomepack] Gold Coast - 270326 - 310526",515551942648,"Push Notification",Push,2026-07-01,2026-07-31,14,14,0,14,14,1
19/6/2026,338585231785,"[Referral Comms] - Post Trip Push - All AU (ex-PER/GC/NTL) - 010426 - 300626",185785203882,"Push Notification",Push,2026-07-01,2026-07-31,11725,11177,4462,11177,11177,335
12/5/2026,663578445588,"[Recall] LV Silent - All AU - 110526",878866017389,"Push Notification",Push,2026-07-01,2026-07-31,36967,35208,14081,35208,35208,1647
12/5/2026,,"",622373320838,"Push Notification",Push,2026-07-01,2026-07-31,312,303,104,303,303,45
10/8/2026,170848693138,"[HP Grower Unclear] - SYD - 260810",644767221368,"Push Notification",Push,2026-07-01,2026-07-31,512,488,195,488,488,9
1/6/2026,639707837578,"[Growth] - SYD - 260601",461719555961,"Push Notification",Push,2026-07-01,2026-07-31,7411,7059,2823,7059,7059,208
1/6/2026,869393301259,"[Growth] - BNE - 260601 to 260607",787753130485,"Push Notification",Push,2026-07-01,2026-07-31,6652,6347,2531,6347,6347,181
3/8/2026,231103824410,"[Recall] LV Silent - Sydney 030826",855709285417,"Push Notification",Push,2026-07-01,2026-07-31,18697,17809,7122,17809,17809,621
3/8/2026,727573850142,"[Growth] - ADL - 260803",873245069724,"Push Notification",Push,2026-07-01,2026-07-31,1106,1054,421,1054,1054,25
12/5/2026,793168965925,"[Welcomepack] Sydney - 270326 - 310526",162360989017,"Push Notification",Push,2026-07-01,2026-07-31,147,147,38,147,147,6
3/8/2026,210227775111,"bri机场discount push",250261157906,"Push Notification",Push,2026-07-01,2026-07-31,42,42,13,42,42,2
11/5/2026,346290885490,"[HV Recall] - Churned - ADL/BNE/MEL/PER- 110526",255194878317,"Push Notification",Push,2026-07-01,2026-07-31,16270,15497,6196,15497,15497,601
28/7/2026,467298157113,"[Welcomepack] Gold Coast - 010726-310826",722834781425,"Push Notification",Push,2026-07-01,2026-07-31,35,35,3,35,35,0
5/8/2026,277051823107,"perp机场discount push",375163866828,"Push Notification",Push,2026-07-01,2026-07-31,113,113,35,113,113,6
22/7/2026,305463311624,"[HP Grower Unclear LP] - SYD - 260721",503013458871,"Push Notification",Push,2026-07-01,2026-07-31,12380,11791,4716,11791,11791,322
22/7/2026,760115651527,"[Referral Comms] - Post Trip Push - All AU (ex-PER/GC/NTL) - 010726 - 310826",717863995066,"Push Notification",Push,2026-07-01,2026-07-31,8980,8563,3418,8563,8563,232
11/5/2026,964475539071,"[Welcomepack] ROA - 270326 - 310526",273175774218,"Push Notification",Push,2026-07-01,2026-07-31,39,39,4,39,39,1
21/7/2026,306955269447,"[HP Iden. Drop LC] - SYD - 260713",905421374191,"Push Notification",Push,2026-07-01,2026-07-31,94,90,35,90,90,0
5/6/2026,356448025672,"[Re-active] - GC - 260601-260607",694855548859,"Push Notification",Push,2026-07-01,2026-07-31,1325,1263,505,1263,1263,38
4/8/2026,326651181738,"L&F_Recovery_Survey_Target_au",144692732189,"Push Notification",Push,2026-07-01,2026-07-31,143,137,54,137,137,22
18/6/2026,923624199448,"[Welcomepack] ROA - 010626 - 300626",580464854996,"Push Notification",Push,2026-07-01,2026-07-31,48,48,10,48,48,3
29/6/2026,860393823146,"[Recall] LV Silent - All AU (excl. BNE/GC) - 290626",474062026434,"Push Notification",Push,2026-07-01,2026-07-31,49732,47365,18945,47365,47365,1474
29/6/2026,338585231785,"[Referral Comms] - Post Trip Push - All AU (ex-PER/GC/NTL) - 010426 - 300626",185785203882,"Push Notification",Push,2026-07-01,2026-07-31,7641,7288,2904,7288,7288,200
2/8/2026,760115651527,"[Referral Comms] - Post Trip Push - All AU (ex-PER/GC/NTL) - 010726 - 310826",717863995066,"Push Notification",Push,2026-07-01,2026-07-31,9699,9248,3689,9248,9248,244
15/5/2026,910435775005,"[Re-active] - NTL - 260511",115623744619,"Push Notification",Push,2026-07-01,2026-07-31,545,521,208,521,521,23
15/5/2026,800216365485,"[Growth] - NTL - 260511",115458664980,"Push Notification",Push,2026-07-01,2026-07-31,241,231,91,231,231,8
6/7/2026,899986522776,"[Reactivation] - Non-PFT - All 060726",483945160981,"Push Notification",Push,2026-07-01,2026-07-31,26267,25019,10006,25019,25019,899
6/7/2026,500587524117,"[Re-active] - NTL - 260706",369723536257,"Push Notification",Push,2026-07-01,2026-07-31,476,455,181,455,455,12
9/6/2026,,"",809451771271,"Push Notification",Push,2026-07-01,2026-07-31,1581,1512,588,1512,1512,183
29/6/2026,939608967791,"[Welcomepack] Adelaide - 010626 - 300626",854628660238,"Push Notification",Push,2026-07-01,2026-07-31,25,25,2,25,25,2
10/8/2026,362651154771,"mel机场discount push",152027986116,"Push Notification",Push,2026-07-01,2026-07-31,98,98,31,98,98,2
1/7/2026,760115651527,"[Referral Comms] - Post Trip Push - All AU (ex-PER/GC/NTL) - 010726 - 310826",717863995066,"Push Notification",Push,2026-07-01,2026-07-31,10344,9855,3939,9855,9855,224
24/5/2026,338585231785,"[Referral Comms] - Post Trip Push - All AU (ex-PER/GC/NTL) - 010426 - 300626",185785203882,"Push Notification",Push,2026-07-01,2026-07-31,10173,9701,3871,9701,9701,246
24/5/2026,721543876442,"[Welcomepack] Melbourne - 270326 - 310526",728716379637,"Push Notification",Push,2026-07-01,2026-07-31,145,145,45,145,145,6
7/5/2026,687288798198,"[Growth] - BNE - 260504 to 260509",713192233970,"Push Notification",Push,2026-07-01,2026-07-31,128,128,34,128,128,7
19/6/2026,923624199448,"[Welcomepack] ROA - 010626 - 300626",580464854996,"Push Notification",Push,2026-07-01,2026-07-31,31,31,6,31,31,2
4/8/2026,379358154481,"[Welcomepack] Canberra - 010726 - 310826",702288233284,"Push Notification",Push,2026-07-01,2026-07-31,3,3,0,3,3,1
8/6/2026,652332529690,"[LV Recall] - Churned - BNE/CBR/GC - 080626",767323603752,"Push Notification",Push,2026-07-01,2026-07-31,2684,2557,1022,2557,2557,98
8/6/2026,889201276151,"[Re-active] - NTL - 260608",936177706503,"Push Notification",Push,2026-07-01,2026-07-31,430,410,163,410,410,19
31/7/2026,964010465892,"[Re-active] - ADL - 260727",856962365461,"Push Notification",Push,2026-07-01,2026-07-31,3743,3567,1425,3567,3567,114
25/7/2026,760115651527,"[Referral Comms] - Post Trip Push - All AU (ex-PER/GC/NTL) - 010726 - 310826",717863995066,"Push Notification",Push,2026-07-01,2026-07-31,14441,13764,5495,13764,13764,357
16/6/2026,338585231785,"[Referral Comms] - Post Trip Push - All AU (ex-PER/GC/NTL) - 010426 - 300626",185785203882,"Push Notification",Push,2026-07-01,2026-07-31,8380,7991,3185,7991,7991,216
10/6/2026,338585231785,"[Referral Comms] - Post Trip Push - All AU (ex-PER/GC/NTL) - 010426 - 300626",185785203882,"Push Notification",Push,2026-07-01,2026-07-31,9642,9193,3667,9193,9193,239
27/5/2026,445940423429,"[Comms] State of Origin - NSW",881248158227,"Push Notification",Push,2026-07-01,2026-07-31,126408,120390,48155,120390,120390,4632
16/5/2026,338585231785,"[Referral Comms] - Post Trip Push - All AU (ex-PER/GC/NTL) - 010426 - 300626",185785203882,"Push Notification",Push,2026-07-01,2026-07-31,15553,14822,5921,14822,14822,371
16/5/2026,618876829781,"[Welcomepack] Brisbane - 270326 - 310526",100774271415,"Push Notification",Push,2026-07-01,2026-07-31,49,49,9,49,49,5
3/8/2026,271294753036,"syd机场discount push",737711209451,"Push Notification",Push,2026-07-01,2026-07-31,60,60,20,60,60,6
23/5/2026,917960176653,"[Growth] - BNE - 260518 to 260524",564325797126,"Push Notification",Push,2026-07-01,2026-07-31,387,386,134,386,386,19
20/6/2026,517618658746,"[Referral Comms] - Post Trip Push - PER/GC/NTL - 010426 - 300626",737810498056,"Push Notification",Push,2026-07-01,2026-07-31,3370,3219,1278,3219,3219,87
20/6/2026,939608967791,"[Welcomepack] Adelaide - 010626 - 300626",854628660238,"Push Notification",Push,2026-07-01,2026-07-31,33,33,4,33,33,3
29/6/2026,648028973443,"[Welcomepack] Melbourne - 010626 - 300626",537822999599,"Push Notification",Push,2026-07-01,2026-07-31,151,151,43,151,151,10
15/7/2026,451622462559,"SYD/ADL Airport Pick-up Survey",880678553132,"Push Notification",Push,2026-07-01,2026-07-31,150,150,45,150,150,13
5/8/2026,271294753036,"syd机场discount push",737711209451,"Push Notification",Push,2026-07-01,2026-07-31,109,109,36,109,109,1
12/7/2026,735618825733,"[VIC] - 20260709",683729370418,"Push Notification",Push,2026-07-01,2026-07-31,785,748,299,748,748,35
12/7/2026,451622462559,"SYD/ADL Airport Pick-up Survey",880678553132,"Push Notification",Push,2026-07-01,2026-07-31,183,182,60,182,182,16
5/6/2026,869393301259,"[Growth] - BNE - 260601 to 260607",787753130485,"Push Notification",Push,2026-07-01,2026-07-31,260,260,83,260,260,10
13/7/2026,648364805553,"[Welcomepack] Perth - 010726-310826",838483734629,"Push Notification",Push,2026-07-01,2026-07-31,56,56,10,56,56,8
16/6/2026,177848202834,"[Survey] SYD Airport Pick-up - Express + Travel",289105235655,"Push Notification",Push,2026-07-01,2026-07-31,57,57,11,57,57,2
13/7/2026,451622462559,"SYD/ADL Airport Pick-up Survey",364997714326,"Push Notification",Push,2026-07-01,2026-07-31,201,200,67,200,200,30
6/8/2026,353872672811,"[Welcomepack] Melbourne - 150726 - 310826",666244286120,"Push Notification",Push,2026-07-01,2026-07-31,238,238,64,238,238,13
22/7/2026,,"",622373320838,"Push Notification",Push,2026-07-01,2026-07-31,206,205,52,205,205,20
26/7/2026,876624445271,"[Re-active]-BNE-260720 to 260726",670644406300,"Push Notification",Push,2026-07-01,2026-07-31,315,315,105,315,315,16
25/7/2026,630985266681,"[Welcomepack] Adelaide - 010726 - 310826",515284083982,"Push Notification",Push,2026-07-01,2026-07-31,24,24,1,24,24,2
25/6/2026,939608967791,"[Welcomepack] Adelaide - 010626 - 300626",854628660238,"Push Notification",Push,2026-07-01,2026-07-31,40,40,4,40,40,3
10/8/2026,630985266681,"[Welcomepack] Adelaide - 010726 - 310826",142190248868,"Push Notification",Push,2026-07-01,2026-07-31,33,33,5,33,33,2
21/7/2026,741753840511,"[Welcomepack] Sydney - 010726 - 310826",500371194913,"Push Notification",Push,2026-07-01,2026-07-31,56,56,9,56,56,0
5/5/2026,585941796532,"[Welcomepack] Perth - 270326-310526",120920194274,"Push Notification",Push,2026-07-01,2026-07-31,58,58,14,58,58,2
23/5/2026,715376425407,"[Welcomepack] Gold Coast - 270326 - 310526",515551942648,"Push Notification",Push,2026-07-01,2026-07-31,14,14,0,14,14,1
2/7/2026,,"",411553922808,"Push Notification",Push,2026-07-01,2026-07-31,916,890,329,890,890,123
27/6/2026,330326033929,"[Survey] ADL Airport Pick-up - Express + Travel",866571435619,"Push Notification",Push,2026-07-01,2026-07-31,5,5,0,5,5,1
24/5/2026,592663234832,"[Welcomepack] Canberra - 270326 - 310526",328271084826,"Push Notification",Push,2026-07-01,2026-07-31,7,7,0,7,7,2
25/5/2026,937380599803,"[Welcomepack] Adelaide - 270326 - 310526",993133983077,"Push Notification",Push,2026-07-01,2026-07-31,28,28,3,28,28,0
30/6/2026,807426982295,"[Welcomepack] Gold Coast - 010626-300626",630660709892,"Push Notification",Push,2026-07-01,2026-07-31,19,19,2,19,19,2
16/6/2026,518885434739,"[Welcomepack] Brisbane - 010626 - 300626",553051629363,"Push Notification",Push,2026-07-01,2026-07-31,78,78,17,78,78,2
16/5/2026,793168965925,"[Welcomepack] Sydney - 270326 - 310526",162360989017,"Push Notification",Push,2026-07-01,2026-07-31,99,99,24,99,99,6
22/7/2026,467298157113,"[Welcomepack] Gold Coast - 010726-310826",205081732131,"Push Notification",Push,2026-07-01,2026-07-31,17,17,0,17,17,0
22/7/2026,605475721206,"[Welcomepack] Newcastle - 010726-310726",703799973184,"Push Notification",Push,2026-07-01,2026-07-31,9,9,0,9,9,1
28/5/2026,793168965925,"[Welcomepack] Sydney - 270326 - 310526",646839636533,"Push Notification",Push,2026-07-01,2026-07-31,143,143,43,143,143,4
24/5/2026,937380599803,"[Welcomepack] Adelaide - 270326 - 310526",993133983077,"Push Notification",Push,2026-07-01,2026-07-31,27,27,4,27,27,2
19/6/2026,177848202834,"[Survey] SYD Airport Pick-up - Express + Travel",289105235655,"Push Notification",Push,2026-07-01,2026-07-31,40,40,5,40,40,5
31/5/2026,592663234832,"[Welcomepack] Canberra - 270326 - 310526",327297956088,"Push Notification",Push,2026-07-01,2026-07-31,5,5,0,5,5,0
30/6/2026,121305656351,"[Growth] - BNE - 260629 to 260705",321872747356,"Push Notification",Push,2026-07-01,2026-07-31,5297,5056,2011,5056,5056,120
20/6/2026,177848202834,"[Survey] SYD Airport Pick-up - Express + Travel",646348488601,"Push Notification",Push,2026-07-01,2026-07-31,93,93,20,93,93,7
26/5/2026,585941796532,"[Welcomepack] Perth - 270326-310526",120920194274,"Push Notification",Push,2026-07-01,2026-07-31,70,70,16,70,70,3
27/6/2026,807426982295,"[Welcomepack] Gold Coast - 010626-300626",866226421673,"Push Notification",Push,2026-07-01,2026-07-31,13,13,1,13,13,1
16/7/2026,288754105149,"[Welcomepack] ROA - 010726 - 310826",861735291370,"Push Notification",Push,2026-07-01,2026-07-31,43,43,6,43,43,3
9/8/2026,353872672811,"[Welcomepack] Melbourne - 150726 - 310826",380180737758,"Push Notification",Push,2026-07-01,2026-07-31,190,190,52,190,190,10
14/7/2026,564884905186,"[Welcomepack] Brisbane - 010726 - 310826",734738173125,"Push Notification",Push,2026-07-01,2026-07-31,91,91,21,91,91,6
6/8/2026,207268638879,"Ade机场discount push",656910201176,"Push Notification",Push,2026-07-01,2026-07-31,15,15,4,15,15,1
13/6/2026,923624199448,"[Welcomepack] ROA - 010626 - 300626",989334894899,"Push Notification",Push,2026-07-01,2026-07-31,34,34,5,34,34,2
25/6/2026,,"",984304898395,"Push Notification",Push,2026-07-01,2026-07-31,2986,2852,1122,2852,2852,208
12/7/2026,741753840511,"[Welcomepack] Sydney - 010726 - 310826",817215854835,"Push Notification",Push,2026-07-01,2026-07-31,101,101,26,101,101,4
1/8/2026,628239187279,"[Comms] Quiet/Offer Reminder - 260801",763750458986,"Push Notification",Push,2026-07-01,2026-07-31,94031,89554,35820,89554,89554,4548
15/6/2026,310623193017,"[HV Recall] - Churned - BNE/CBR/PER/ROA - 150626",195318963200,"Push Notification",Push,2026-07-01,2026-07-31,7457,7103,2839,7103,7103,238
15/6/2026,718178546586,"[Growth] - SYD - 260615",657469315882,"Push Notification",Push,2026-07-01,2026-07-31,4785,4558,1822,4558,4558,148
15/6/2026,338585231785,"[Referral Comms] - Post Trip Push - All AU (ex-PER/GC/NTL) - 010426 - 300626",185785203882,"Push Notification",Push,2026-07-01,2026-07-31,7738,7382,2942,7382,7382,179
15/6/2026,161719613351,"[Recall] HV Silent - ALL AU - 150626",554775997746,"Push Notification",Push,2026-07-01,2026-07-31,16122,15356,6141,15356,15356,503
14/5/2026,517618658746,"[Referral Comms] - Post Trip Push - PER/GC/NTL - 010426 - 300626",737810498056,"Push Notification",Push,2026-07-01,2026-07-31,3033,2899,1149,2899,2899,62
14/5/2026,399208062288,"[Growth] - BNE - 260511 to 260517",376771102355,"Push Notification",Push,2026-07-01,2026-07-31,338,338,113,338,338,21
7/8/2026,529845574700,"[HV Recall] - Churned - BNE/PER - 030826",849142078807,"Push Notification",Push,2026-07-01,2026-07-31,10621,10116,4045,10116,10116,500
22/6/2026,603443085694,"[LV Recall] - Churned - CBR/GC/PER - 220626",321993400611,"Push Notification",Push,2026-07-01,2026-07-31,3986,3798,1518,3798,3798,126
22/6/2026,295675696785,"[Travel_NonPFT] BNE_0622-0628",497082368302,"Push Notification",Push,2026-07-01,2026-07-31,16596,15807,6322,15807,15807,446
22/6/2026,398808387710,"[Travel_NonPFT] PER_0622-0628",441205887484,"Push Notification",Push,2026-07-01,2026-07-31,9309,8867,3545,8867,8867,330
22/6/2026,454643058196,"[Survey] SYD Airport Pick-up - Express + Travel",927226745731,"Push Notification",Push,2026-07-01,2026-07-31,181,178,54,178,178,9
20/5/2026,852148232751,"[Growth] -GC-260517-250524",274635646906,"Push Notification",Push,2026-07-01,2026-07-31,1168,1113,445,1113,1113,48
21/5/2026,618876829781,"[Welcomepack] Brisbane - 270326 - 310526",100774271415,"Push Notification",Push,2026-07-01,2026-07-31,63,63,15,63,63,4
21/5/2026,592663234832,"[Welcomepack] Canberra - 270326 - 310526",327297956088,"Push Notification",Push,2026-07-01,2026-07-31,3,3,0,3,3,0
21/5/2026,517618658746,"[Referral Comms] - Post Trip Push - PER/GC/NTL - 010426 - 300626",737810498056,"Push Notification",Push,2026-07-01,2026-07-31,3096,2959,1174,2959,2959,61
12/8/2026,272665430217,"gc机场discount push",271381881303,"Push Notification",Push,2026-07-01,2026-07-31,12,12,1,12,12,0
12/8/2026,,"",411553922808,"Push Notification",Push,2026-07-01,2026-07-31,1399,1348,511,1348,1348,164
7/7/2026,162542217079,"T+14 Unpaid Trip Voucher Experiment - 0707",322929812096,"Push Notification",Push,2026-07-01,2026-07-31,445,425,169,425,425,14
26/6/2026,971271723581,"[HV Recall] - Extra Churned - All AU - 250626 V2",989913670365,"Push Notification",Push,2026-07-01,2026-07-31,34944,33281,13311,33281,33281,986
9/5/2026,937380599803,"[Welcomepack] Adelaide - 270326 - 310526",993133983077,"Push Notification",Push,2026-07-01,2026-07-31,20,20,2,20,20,0
18/5/2026,291990152547,"[Growth] - SYD - 260518",395946535525,"Push Notification",Push,2026-07-01,2026-07-31,5632,5365,2146,5365,5365,133
17/5/2026,793168965925,"[Welcomepack] Sydney - 270326 - 310526",499592036590,"Push Notification",Push,2026-07-01,2026-07-31,116,116,33,116,116,11
17/5/2026,964475539071,"[Welcomepack] ROA - 270326 - 310526",783442281311,"Push Notification",Push,2026-07-01,2026-07-31,46,46,8,46,46,1
21/6/2026,939608967791,"[Welcomepack] Adelaide - 010626 - 300626",854628660238,"Push Notification",Push,2026-07-01,2026-07-31,33,33,4,33,33,0
5/5/2026,937380599803,"[Welcomepack] Adelaide - 270326 - 310526",993133983077,"Push Notification",Push,2026-07-01,2026-07-31,21,21,0,21,21,0
7/8/2026,362651154771,"mel机场discount push",152027986116,"Push Notification",Push,2026-07-01,2026-07-31,112,112,33,112,112,2
22/6/2026,732567329072,"[Welcomepack] Perth - 010626-300626",387509162941,"Push Notification",Push,2026-07-01,2026-07-31,56,56,12,56,56,4
18/7/2026,353872672811,"[Welcomepack] Melbourne - 150726 - 310826",666244286120,"Push Notification",Push,2026-07-01,2026-07-31,3,3,0,3,3,1
20/5/2026,,"",622373320838,"Push Notification",Push,2026-07-01,2026-07-31,1791,1715,661,1715,1715,112
18/5/2026,721543876442,"[Welcomepack] Melbourne - 270326 - 310526",728716379637,"Push Notification",Push,2026-07-01,2026-07-31,128,128,38,128,128,8
11/8/2026,869319196913,"[HV Recall] - Churned - MEL/PER/SYD - 100826",922150602389,"Push Notification",Push,2026-07-01,2026-07-31,8356,7959,3183,7959,7959,243
26/6/2026,,"",126164107227,"Push Notification",Push,2026-07-01,2026-07-31,18257,17395,6938,17395,17395,1077
14/7/2026,648364805553,"[Welcomepack] Perth - 010726-310826",324265553898,"Push Notification",Push,2026-07-01,2026-07-31,77,77,17,77,77,4
4/7/2026,121305656351,"[Growth] - BNE - 260629 to 260705",970975658903,"Push Notification",Push,2026-07-01,2026-07-31,230,230,75,230,230,15
7/8/2026,920399069682,"Airport Pick-up Survey - 0731",674862827828,"Push Notification",Push,2026-07-01,2026-07-31,59,59,13,59,59,2
10/5/2026,964475539071,"[Welcomepack] ROA - 270326 - 310526",273175774218,"Push Notification",Push,2026-07-01,2026-07-31,39,39,7,39,39,3
6/5/2026,715376425407,"[Welcomepack] Gold Coast - 270326 - 310526",515551942648,"Push Notification",Push,2026-07-01,2026-07-31,7,7,0,7,7,1
28/5/2026,197774104201,"[Welcomepack] Newcastle - 270326-310526",755424614532,"Push Notification",Push,2026-07-01,2026-07-31,5,5,0,5,5,0
13/5/2026,618876829781,"[Welcomepack] Brisbane - 270326 - 310526",100774271415,"Push Notification",Push,2026-07-01,2026-07-31,86,86,25,86,86,4
18/5/2026,937380599803,"[Welcomepack] Adelaide - 270326 - 310526",721317908136,"Push Notification",Push,2026-07-01,2026-07-31,35,35,2,35,35,1
20/5/2026,964475539071,"[Welcomepack] ROA - 270326 - 310526",273175774218,"Push Notification",Push,2026-07-01,2026-07-31,45,45,9,45,45,3
10/5/2026,937380599803,"[Welcomepack] Adelaide - 270326 - 310526",993133983077,"Push Notification",Push,2026-07-01,2026-07-31,31,31,5,31,31,1
6/5/2026,687288798198,"[Growth] - BNE - 260504 to 260509",430588332304,"Push Notification",Push,2026-07-01,2026-07-31,99,99,24,99,99,7
6/5/2026,937380599803,"[Welcomepack] Adelaide - 270326 - 310526",993133983077,"Push Notification",Push,2026-07-01,2026-07-31,35,35,7,35,35,1
20/5/2026,197774104201,"[Welcomepack] Newcastle - 270326-310526",755424614532,"Push Notification",Push,2026-07-01,2026-07-31,12,12,1,12,12,0
9/5/2026,793168965925,"[Welcomepack] Sydney - 270326 - 310526",646839636533,"Push Notification",Push,2026-07-01,2026-07-31,120,120,36,120,120,3
18/6/2026,807426982295,"[Welcomepack] Gold Coast - 010626-300626",866226421673,"Push Notification",Push,2026-07-01,2026-07-31,8,8,0,8,8,0
17/5/2026,715376425407,"[Welcomepack] Gold Coast - 270326 - 310526",515551942648,"Push Notification",Push,2026-07-01,2026-07-31,11,11,0,11,11,1
29/6/2026,923624199448,"[Welcomepack] ROA - 010626 - 300626",580464854996,"Push Notification",Push,2026-07-01,2026-07-31,26,26,3,26,26,2
17/5/2026,618876829781,"[Welcomepack] Brisbane - 270326 - 310526",100774271415,"Push Notification",Push,2026-07-01,2026-07-31,47,47,8,47,47,5
22/6/2026,518885434739,"[Welcomepack] Brisbane - 010626 - 300626",808375134945,"Push Notification",Push,2026-07-01,2026-07-31,60,60,8,60,60,5
25/7/2026,741753840511,"[Welcomepack] Sydney - 010726 - 310826",894993595060,"Push Notification",Push,2026-07-01,2026-07-31,147,147,38,147,147,10
10/5/2026,592663234832,"[Welcomepack] Canberra - 270326 - 310526",327297956088,"Push Notification",Push,2026-07-01,2026-07-31,7,7,0,7,7,0
1/8/2026,467298157113,"[Welcomepack] Gold Coast - 010726-310826",722834781425,"Push Notification",Push,2026-07-01,2026-07-31,18,18,0,18,18,1
12/8/2026,605475721206,"[Welcomepack] Newcastle - 010726-310726",703799973184,"Push Notification",Push,2026-07-01,2026-07-31,4,4,0,4,4,0
6/8/2026,288754105149,"[Welcomepack] ROA - 010726 - 310826",259860733662,"Push Notification",Push,2026-07-01,2026-07-31,53,53,12,53,53,4
6/5/2026,721543876442,"[Welcomepack] Melbourne - 270326 - 310526",814122387190,"Push Notification",Push,2026-07-01,2026-07-31,96,96,25,96,96,6
7/8/2026,467298157113,"[Welcomepack] Gold Coast - 010726-310826",994760332426,"Push Notification",Push,2026-07-01,2026-07-31,16,16,0,16,16,0
26/6/2026,518885434739,"[Welcomepack] Brisbane - 010626 - 300626",553051629363,"Push Notification",Push,2026-07-01,2026-07-31,63,63,10,63,63,0
24/7/2026,781761409000,"[LV Recall] - Churned - ADL/CBR/PER/SYD - 200726",782173325528,"Push Notification",Push,2026-07-01,2026-07-31,15416,14683,5872,14683,14683,817
24/7/2026,158931273139,"[Re-active] - ADL - 260720",775450022324,"Push Notification",Push,2026-07-01,2026-07-31,3645,3474,1389,3474,3474,114
24/7/2026,760115651527,"[Referral Comms] - Post Trip Push - All AU (ex-PER/GC/NTL) - 010726 - 310826",717863995066,"Push Notification",Push,2026-07-01,2026-07-31,12541,11952,4772,11952,11952,275
24/7/2026,876624445271,"[Re-active]-BNE-260720 to 260726",604254367940,"Push Notification",Push,2026-07-01,2026-07-31,482,477,171,477,477,19
28/6/2026,517618658746,"[Referral Comms] - Post Trip Push - PER/GC/NTL - 010426 - 300626",737810498056,"Push Notification",Push,2026-07-01,2026-07-31,2441,2338,924,2338,2338,63
18/5/2026,964475539071,"[Welcomepack] ROA - 270326 - 310526",273175774218,"Push Notification",Push,2026-07-01,2026-07-31,39,39,6,39,39,0
23/6/2026,133829687866,"[HV Recall] - Churned - CBR/GC/PER/ROA - 220626",901276272478,"Push Notification",Push,2026-07-01,2026-07-31,2675,2548,1019,2548,2548,83
23/6/2026,527393526460,"[Travel_NonPFT] MEL_0622-0628_V2",415236065026,"Push Notification",Push,2026-07-01,2026-07-31,14064,13396,5357,13396,13396,454
29/5/2026,517618658746,"[Referral Comms] - Post Trip Push - PER/GC/NTL - 010426 - 300626",737810498056,"Push Notification",Push,2026-07-01,2026-07-31,3501,3345,1327,3345,3345,98
23/7/2026,505799234357,"[Growth] - BNE - 260720 to 260726",698126634604,"Push Notification",Push,2026-07-01,2026-07-31,376,375,131,375,375,14
18/6/2026,963218787153,"[Welcomepack] Newcastle - 010626-300626",134356329848,"Push Notification",Push,2026-07-01,2026-07-31,11,11,0,11,11,0
24/7/2026,,"",779516641674,"Push Notification",Push,2026-07-01,2026-07-31,446,432,142,432,432,62
29/5/2026,964475539071,"[Welcomepack] ROA - 270326 - 310526",273175774218,"Push Notification",Push,2026-07-01,2026-07-31,34,34,5,34,34,2
17/7/2026,741753840511,"[Welcomepack] Sydney - 010726 - 310826",102776764256,"Push Notification",Push,2026-07-01,2026-07-31,125,125,33,125,125,3
15/6/2026,923624199448,"[Welcomepack] ROA - 010626 - 300626",707936619179,"Push Notification",Push,2026-07-01,2026-07-31,49,49,9,49,49,4
17/6/2026,923624199448,"[Welcomepack] ROA - 010626 - 300626",580464854996,"Push Notification",Push,2026-07-01,2026-07-31,55,55,14,55,55,2
4/8/2026,288754105149,"[Welcomepack] ROA - 010726 - 310826",861735291370,"Push Notification",Push,2026-07-01,2026-07-31,39,39,4,39,39,1
22/7/2026,741753840511,"[Welcomepack] Sydney - 010726 - 310826",500371194913,"Push Notification",Push,2026-07-01,2026-07-31,177,177,49,177,177,7
11/8/2026,920399069682,"Airport Pick-up Survey - 0731",674862827828,"Push Notification",Push,2026-07-01,2026-07-31,51,51,10,51,51,5
29/5/2026,197774104201,"[Welcomepack] Newcastle - 270326-310526",755424614532,"Push Notification",Push,2026-07-01,2026-07-31,4,4,0,4,4,0
12/5/2026,721543876442,"[Welcomepack] Melbourne - 270326 - 310526",227934045924,"Push Notification",Push,2026-07-01,2026-07-31,155,155,48,155,155,5
14/6/2026,517618658746,"[Referral Comms] - Post Trip Push - PER/GC/NTL - 010426 - 300626",737810498056,"Push Notification",Push,2026-07-01,2026-07-31,2727,2608,1033,2608,2608,62
11/8/2026,288754105149,"[Welcomepack] ROA - 010726 - 310826",861735291370,"Push Notification",Push,2026-07-01,2026-07-31,60,60,14,60,60,3
11/8/2026,277051823107,"perp机场discount push",375163866828,"Push Notification",Push,2026-07-01,2026-07-31,147,146,49,146,146,19
28/6/2026,518885434739,"[Welcomepack] Brisbane - 010626 - 300626",178612718989,"Push Notification",Push,2026-07-01,2026-07-31,69,69,13,69,69,3
16/5/2026,721543876442,"[Welcomepack] Melbourne - 270326 - 310526",227934045924,"Push Notification",Push,2026-07-01,2026-07-31,121,121,33,121,121,15
14/6/2026,943231771893,"[Re-active]-BNE-260608 to 260614",221061608029,"Push Notification",Push,2026-07-01,2026-07-31,231,231,76,231,231,12
14/6/2026,732567329072,"[Welcomepack] Perth - 010626-300626",515393984302,"Push Notification",Push,2026-07-01,2026-07-31,70,70,12,70,70,0
14/6/2026,,"",779516641674,"Push Notification",Push,2026-07-01,2026-07-31,13948,13291,5295,13291,13291,1049
14/6/2026,939608967791,"[Welcomepack] Adelaide - 010626 - 300626",365150065730,"Push Notification",Push,2026-07-01,2026-07-31,39,39,5,39,39,2
13/7/2026,630985266681,"[Welcomepack] Adelaide - 010726 - 310826",142190248868,"Push Notification",Push,2026-07-01,2026-07-31,32,32,5,32,32,1
17/7/2026,467298157113,"[Welcomepack] Gold Coast - 010726-310826",967573459320,"Push Notification",Push,2026-07-01,2026-07-31,22,22,3,22,22,0
15/7/2026,630985266681,"[Welcomepack] Adelaide - 010726 - 310826",346225872989,"Push Notification",Push,2026-07-01,2026-07-31,47,47,8,47,47,0
10/7/2026,396237798717,"[Welcomepack] Melbourne - 010726 - 310826",819258566458,"Push Notification",Push,2026-07-01,2026-07-31,8,8,0,8,8,1
30/5/2026,964475539071,"[Welcomepack] ROA - 270326 - 310526",273175774218,"Push Notification",Push,2026-07-01,2026-07-31,30,30,4,30,30,0
13/7/2026,379358154481,"[Welcomepack] Canberra - 010726 - 310826",945779548228,"Push Notification",Push,2026-07-01,2026-07-31,1,1,0,1,1,0
1/7/2026,732567329072,"[Welcomepack] Perth - 010626-300626",455413539187,"Push Notification",Push,2026-07-01,2026-07-31,9,9,2,9,9,0
19/5/2026,197774104201,"[Welcomepack] Newcastle - 270326-310526",755424614532,"Push Notification",Push,2026-07-01,2026-07-31,5,5,0,5,5,0
26/7/2026,630985266681,"[Welcomepack] Adelaide - 010726 - 310826",346225872989,"Push Notification",Push,2026-07-01,2026-07-31,24,24,1,24,24,3
12/6/2026,807426982295,"[Welcomepack] Gold Coast - 010626-300626",866226421673,"Push Notification",Push,2026-07-01,2026-07-31,10,10,0,10,10,0
27/7/2026,,"",411553922808,"Push Notification",Push,2026-07-01,2026-07-31,9786,9333,3701,9333,9333,858
10/7/2026,843866182014,"[HV Recall] - Churned - BNE/GC - 060726",148653824562,"Push Notification",Push,2026-07-01,2026-07-31,3317,3160,1263,3160,3160,124
4/6/2026,442150691488,"[_off]BNE_Growth_0601-0607",153915399134,"Push Notification",Push,2026-07-01,2026-07-31,77805,74103,29639,74103,74103,2049
22/5/2026,909568909693,"[HV Recall] - Churned - ADL/MEL/PER/ROA - 180526",767281004131,"Push Notification",Push,2026-07-01,2026-07-31,21217,20208,8082,20208,20208,1303
27/6/2026,985866693404,"[FIFA WC] W3 ALL - 260627",724464050312,"Push Notification",Push,2026-07-01,2026-07-31,19745,18807,7522,18807,18807,3162
20/7/2026,846943634446,"[HV Recall] - Churned - BNE/GC/MEL - 200726",303504090218,"Push Notification",Push,2026-07-01,2026-07-31,12194,11614,4645,11614,11614,383
20/7/2026,760115651527,"[Referral Comms] - Post Trip Push - All AU (ex-PER/GC/NTL) - 010726 - 310826",717863995066,"Push Notification",Push,2026-07-01,2026-07-31,9192,8765,3497,8765,8765,216
19/5/2026,517618658746,"[Referral Comms] - Post Trip Push - PER/GC/NTL - 010426 - 300626",737810498056,"Push Notification",Push,2026-07-01,2026-07-31,2756,2635,1045,2635,2635,74
12/6/2026,564655940242,"[Re-active] - SYD - 260608",192046063277,"Push Notification",Push,2026-07-01,2026-07-31,7640,7277,2910,7277,7277,198
12/6/2026,342693573107,"[HV Recall] - Churned - ADL/MEL/PER/SYD - 080626",294488144737,"Push Notification",Push,2026-07-01,2026-07-31,20563,19586,7834,19586,19586,1145
5/8/2026,740716308217,"[Referral Comms] - Post Trip Push - PER/GC/NTL - 010726 - 310726",987569903347,"Push Notification",Push,2026-07-01,2026-07-31,2972,2843,1128,2843,2843,90
4/8/2026,671801838599,"[Comms] - Zip National Launch - 04/08/2026",499316924714,"Push Notification",Push,2026-07-01,2026-07-31,730989,696183,278471,696183,696183,21438
6/8/2026,326651181738,"L&F_Recovery_Survey_Target_au",144692732189,"Push Notification",Push,2026-07-01,2026-07-31,97,93,37,93,93,15
8/7/2026,568064115856,"[Growth] - ADL - 260706",776668510415,"Push Notification",Push,2026-07-01,2026-07-31,1863,1776,710,1776,1776,58
27/7/2026,849929190337,"[HP Pred. Drop HC] - SYD - 260727",922071353666,"Push Notification",Push,2026-07-01,2026-07-31,325,310,124,310,310,7
12/5/2026,961125907052,"[Re-active]-BNE-260511 to 260517",149953178800,"Push Notification",Push,2026-07-01,2026-07-31,10712,10212,4076,10212,10212,334
30/6/2026,644177678860,"[Recall] HV Silent - ALL AU (excl. BNE/GC) - 290626",664700896210,"Push Notification",Push,2026-07-01,2026-07-31,7025,6691,2676,6691,6691,224
10/8/2026,494882965765,"[Velocity] Launch - ADL PAX - 260617",814019031037,"Push Notification",Push,2026-07-01,2026-07-31,27973,26645,10655,26645,26645,735
3/7/2026,975611547022,"World Cup -Australia v Egypt - National - 20260701",294594073542,"Push Notification",Push,2026-07-01,2026-07-31,215545,205282,82112,205282,205282,8144
3/7/2026,819592733359,"[LV Recall] - Churned - ADL/CBR/MEL/PER/SYD- 290626",914088208659,"Push Notification",Push,2026-07-01,2026-07-31,24333,23175,9269,23175,23175,1182
3/7/2026,120762749734,"Email - Verify - National - 20260702",449312101638,"Push Notification",Push,2026-07-01,2026-07-31,215221,204974,81988,204974,204974,9923
1/6/2026,839385022104,"[HV Recall] - Churned - ADL/CBR/GC/MEL/PER- 010626",106173496072,"Push Notification",Push,2026-07-01,2026-07-31,14656,13960,5583,13960,13960,480
25/6/2026,645041019046,"World Cup -Australia v Paraguay - National - 20260623",196089541723,"Push Notification",Push,2026-07-01,2026-07-31,343280,326935,130773,326935,326935,12966
2/7/2026,975611547022,"World Cup -Australia v Egypt - National - 20260701",130091900829,"Push Notification",Push,2026-07-01,2026-07-31,439436,418512,167403,418512,418512,18508
17/6/2026,265543994570,"[Travel_NonPFT] Top6_0615-0621_V2",477487853792,"Push Notification",Push,2026-07-01,2026-07-31,30027,28598,11438,28598,28598,939
17/6/2026,275459213602,"[Growth] - ADL - 260615",302538484505,"Push Notification",Push,2026-07-01,2026-07-31,1643,1566,625,1566,1566,55
13/6/2026,648028973443,"[Welcomepack] Melbourne - 010626 - 300626",753534198156,"Push Notification",Push,2026-07-01,2026-07-31,125,125,33,125,125,9
13/6/2026,767066119293,"[Welcomepack] Sydney - 010626 - 300626",223926884028,"Push Notification",Push,2026-07-01,2026-07-31,123,123,34,123,123,8
3/8/2026,190820869202,"[HP Grower Unclear LP] - SYD - 260803",697205942615,"Push Notification",Push,2026-07-01,2026-07-31,15863,15109,6043,15109,15109,397
11/5/2026,663578445588,"[Recall] LV Silent - All AU - 110526",197687080794,"Push Notification",Push,2026-07-01,2026-07-31,46798,44574,17825,44574,44574,1874
17/6/2026,925298179229,"[Re-active]-BNE-260617 to 260621",171758997934,"Push Notification",Push,2026-07-01,2026-07-31,7717,7357,2938,7357,7357,175
28/7/2026,107491907490,"[Growth] - NTL - 260727",528785530666,"Push Notification",Push,2026-07-01,2026-07-31,328,313,125,313,313,15
5/6/2026,957921357477,"[LV Recall] - Churned - ADL/CBR/GC/MEL/PER- 010626",722555528537,"Push Notification",Push,2026-07-01,2026-07-31,17761,16917,6766,16917,16917,916
18/6/2026,323088941070,"[Growth] -GC-260617_250621",681302358924,"Push Notification",Push,2026-07-01,2026-07-31,831,793,316,793,793,23
29/6/2026,733842179876,"[Re-active] - ADL - 260629",537323705018,"Push Notification",Push,2026-07-01,2026-07-31,4023,3833,1532,3833,3833,85
15/5/2026,338585231785,"[Referral Comms] - Post Trip Push - All AU (ex-PER/GC/NTL) - 010426 - 300626",185785203882,"Push Notification",Push,2026-07-01,2026-07-31,13792,13146,5248,13146,13146,319
6/7/2026,608454492417,"[Growth] - SYD - 260706",540219046089,"Push Notification",Push,2026-07-01,2026-07-31,6890,6563,2625,6563,6563,160
6/7/2026,834247928380,"[LV Recall] - Churned - BNE/GC - 060726",446998379873,"Push Notification",Push,2026-07-01,2026-07-31,2994,2852,1140,2852,2852,96
29/6/2026,518885434739,"[Welcomepack] Brisbane - 010626 - 300626",880786568539,"Push Notification",Push,2026-07-01,2026-07-31,77,77,15,77,77,3
8/6/2026,301882902669,"[HV Recall] - Churned - BNE/CBR/GC/ROA - 080626",106774111094,"Push Notification",Push,2026-07-01,2026-07-31,3640,3467,1386,3467,3467,113
31/7/2026,444491744050,"[HV Recall] - Churned - ADL/CBR/GC/PER - 270726",400260134613,"Push Notification",Push,2026-07-01,2026-07-31,9926,9456,3781,9456,9456,538
25/7/2026,881101851048,"[VIC] - 20260720",674152314591,"Push Notification",Push,2026-07-01,2026-07-31,389,371,148,371,371,6
16/6/2026,228389201953,"[LV Recall] - Churned - ADL/GC/MEL/SYD- 150626",473686562763,"Push Notification",Push,2026-07-01,2026-07-31,4797,4569,1827,4569,4569,130
16/6/2026,310623193017,"[HV Recall] - Churned - BNE/CBR/PER/ROA - 150626",178425386343,"Push Notification",Push,2026-07-01,2026-07-31,3323,3165,1266,3165,3165,98
16/6/2026,517618658746,"[Referral Comms] - Post Trip Push - PER/GC/NTL - 010426 - 300626",737810498056,"Push Notification",Push,2026-07-01,2026-07-31,2593,2478,980,2478,2478,78
13/6/2026,721187703616,"[Survey] ADL Airport Pick-up - Express + Travel",888771647531,"Push Notification",Push,2026-07-01,2026-07-31,5,5,0,5,5,0
16/5/2026,162874012428,"[Comms] Quiet/Offer Reminder - 260306",906122886389,"Push Notification",Push,2026-07-01,2026-07-31,42269,40259,16101,40259,40259,2099
11/5/2026,,"",779516641674,"Push Notification",Push,2026-07-01,2026-07-31,10138,9663,3845,9663,9663,1210
29/7/2026,916595521931,"[Welcomepack] Perth - 150726-310826",778051733282,"Push Notification",Push,2026-07-01,2026-07-31,126,126,29,126,126,3
4/8/2026,271294753036,"syd机场discount push",737711209451,"Push Notification",Push,2026-07-01,2026-07-31,99,99,31,99,99,6
9/8/2026,272665430217,"gc机场discount push",271381881303,"Push Notification",Push,2026-07-01,2026-07-31,8,8,0,8,8,0
9/8/2026,271294753036,"syd机场discount push",737711209451,"Push Notification",Push,2026-07-01,2026-07-31,122,122,42,122,122,2
6/8/2026,379358154481,"[Welcomepack] Canberra - 010726 - 310826",174672073487,"Push Notification",Push,2026-07-01,2026-07-31,4,4,0,4,4,0
8/5/2026,592663234832,"[Welcomepack] Canberra - 270326 - 310526",476594395716,"Push Notification",Push,2026-07-01,2026-07-31,7,7,1,7,7,0
8/6/2026,767066119293,"[Welcomepack] Sydney - 010626 - 300626",708764545997,"Push Notification",Push,2026-07-01,2026-07-31,3,3,0,3,3,1
12/7/2026,467298157113,"[Welcomepack] Gold Coast - 010726-310826",694772992823,"Push Notification",Push,2026-07-01,2026-07-31,15,15,0,15,15,3
27/7/2026,672322203074,"[Velocity] - All AU PAX - 260617",826894296006,"Push Notification",Push,2026-07-01,2026-07-31,143,139,51,139,139,19
22/7/2026,876624445271,"[Re-active]-BNE-260720 to 260726",604254367940,"Push Notification",Push,2026-07-01,2026-07-31,11073,10555,4214,10555,10555,287
15/5/2026,592663234832,"[Welcomepack] Canberra - 270326 - 310526",327297956088,"Push Notification",Push,2026-07-01,2026-07-31,3,3,0,3,3,0
24/6/2026,454643058196,"[Survey] SYD Airport Pick-up - Express + Travel",927226745731,"Push Notification",Push,2026-07-01,2026-07-31,66,66,14,66,66,3
30/6/2026,518885434739,"[Welcomepack] Brisbane - 010626 - 300626",880786568539,"Push Notification",Push,2026-07-01,2026-07-31,85,85,21,85,85,2
26/5/2026,721543876442,"[Welcomepack] Melbourne - 270326 - 310526",728716379637,"Push Notification",Push,2026-07-01,2026-07-31,171,171,54,171,171,9
12/7/2026,396237798717,"[Welcomepack] Melbourne - 010726 - 310826",767352369514,"Push Notification",Push,2026-07-01,2026-07-31,137,137,35,137,137,11
19/6/2026,,"",622373320838,"Push Notification",Push,2026-07-01,2026-07-31,7375,7034,2794,7034,7034,584
13/7/2026,396237798717,"[Welcomepack] Melbourne - 010726 - 310826",236342078998,"Push Notification",Push,2026-07-01,2026-07-31,142,142,42,142,142,6
5/8/2026,379358154481,"[Welcomepack] Canberra - 010726 - 310826",702288233284,"Push Notification",Push,2026-07-01,2026-07-31,8,8,0,8,8,0
28/5/2026,560278189832,"[Growth] - ADL - 260525",767691942940,"Push Notification",Push,2026-07-01,2026-07-31,2451,2335,933,2335,2335,81
28/5/2026,338585231785,"[Referral Comms] - Post Trip Push - All AU (ex-PER/GC/NTL) - 010426 - 300626",185785203882,"Push Notification",Push,2026-07-01,2026-07-31,9728,9275,3703,9275,9275,248
28/5/2026,,"",153347791553,"Push Notification",Push,2026-07-01,2026-07-31,216,212,65,212,212,45
30/6/2026,767066119293,"[Welcomepack] Sydney - 010626 - 300626",747515168149,"Push Notification",Push,2026-07-01,2026-07-31,156,156,46,156,156,6
2/8/2026,467298157113,"[Welcomepack] Gold Coast - 010726-310826",205081732131,"Push Notification",Push,2026-07-01,2026-07-31,10,10,0,10,10,0
7/6/2026,767066119293,"[Welcomepack] Sydney - 010626 - 300626",190383282756,"Push Notification",Push,2026-07-01,2026-07-31,6,6,1,6,6,0
7/5/2026,715376425407,"[Welcomepack] Gold Coast - 270326 - 310526",515551942648,"Push Notification",Push,2026-07-01,2026-07-31,8,8,0,8,8,0
7/6/2026,648028973443,"[Welcomepack] Melbourne - 010626 - 300626",425107809257,"Push Notification",Push,2026-07-01,2026-07-31,11,11,2,11,11,2
29/7/2026,630985266681,"[Welcomepack] Adelaide - 010726 - 310826",134403732763,"Push Notification",Push,2026-07-01,2026-07-31,44,44,8,44,44,6
24/5/2026,715376425407,"[Welcomepack] Gold Coast - 270326 - 310526",515551942648,"Push Notification",Push,2026-07-01,2026-07-31,14,14,0,14,14,1
2/6/2026,318334167788,"[Recall] HV Silent - ALL AU - 010626",197733549906,"Push Notification",Push,2026-07-01,2026-07-31,7010,6677,2670,6677,6677,274
7/8/2026,182000852518,"[LV Recall] - Churned - ADL/CBR/GC/MEL- 030826",822358097213,"Push Notification",Push,2026-07-01,2026-07-31,16050,15287,6113,15287,15287,796
22/6/2026,803163951781,"[Travel_NonPFT] SYD_0622-0628",809720393261,"Push Notification",Push,2026-07-01,2026-07-31,11548,10999,4398,10999,10999,316
22/6/2026,902551169239,"[Reactivation] - Non-PFT - All 220626",384563085844,"Push Notification",Push,2026-07-01,2026-07-31,26599,25335,10132,25335,25335,899
22/6/2026,494416653462,"[Velocity] 4.0 - 260520",372962322169,"Push Notification",Push,2026-07-01,2026-07-31,123,118,47,118,118,14
22/6/2026,690017360863,"[Growth] - SYD - 260622",123523152119,"Push Notification",Push,2026-07-01,2026-07-31,3799,3619,1446,3619,3619,98
18/7/2026,760115651527,"[Referral Comms] - Post Trip Push - All AU (ex-PER/GC/NTL) - 010726 - 310826",717863995066,"Push Notification",Push,2026-07-01,2026-07-31,15351,14631,5841,14631,14631,379
12/8/2026,846449186529,"[Growth] - ADL - 260810",695739014617,"Push Notification",Push,2026-07-01,2026-07-31,2377,2265,905,2265,2265,68
7/7/2026,735036183037,"[Survey] SYD Airport Pick-up - PCAA+PCBA",408527001128,"Push Notification",Push,2026-07-01,2026-07-31,317,302,120,302,302,35
7/7/2026,843866182014,"[HV Recall] - Churned - BNE/GC - 060726",780652581271,"Push Notification",Push,2026-07-01,2026-07-31,1309,1247,498,1247,1247,19
13/5/2026,715376425407,"[Welcomepack] Gold Coast - 270326 - 310526",515551942648,"Push Notification",Push,2026-07-01,2026-07-31,21,21,2,21,21,1
25/5/2026,197774104201,"[Welcomepack] Newcastle - 270326-310526",932883686449,"Push Notification",Push,2026-07-01,2026-07-31,3,3,0,3,3,0
21/5/2026,197774104201,"[Welcomepack] Newcastle - 270326-310526",755424614532,"Push Notification",Push,2026-07-01,2026-07-31,6,6,0,6,6,0
11/8/2026,510989649125,"[Recall] LV Silent - All AU -1030826",162477753841,"Push Notification",Push,2026-07-01,2026-07-31,38207,36389,14555,36389,36389,977
9/5/2026,585941796532,"[Welcomepack] Perth - 270326-310526",551619399507,"Push Notification",Push,2026-07-01,2026-07-31,77,77,18,77,77,5
10/5/2026,338585231785,"[Referral Comms] - Post Trip Push - All AU (ex-PER/GC/NTL) - 010426 - 300626",185785203882,"Push Notification",Push,2026-07-01,2026-07-31,9891,9432,3767,9432,9432,262
22/6/2026,648028973443,"[Welcomepack] Melbourne - 010626 - 300626",209246754618,"Push Notification",Push,2026-07-01,2026-07-31,121,121,30,121,121,4
6/6/2026,923624199448,"[Welcomepack] ROA - 010626 - 300626",207534980364,"Push Notification",Push,2026-07-01,2026-07-31,3,3,0,3,3,0
14/5/2026,197774104201,"[Welcomepack] Newcastle - 270326-310526",755424614532,"Push Notification",Push,2026-07-01,2026-07-31,6,6,0,6,6,0
22/6/2026,923624199448,"[Welcomepack] ROA - 010626 - 300626",580464854996,"Push Notification",Push,2026-07-01,2026-07-31,45,45,11,45,45,0
20/5/2026,585941796532,"[Welcomepack] Perth - 270326-310526",700265107704,"Push Notification",Push,2026-07-01,2026-07-31,76,76,18,76,76,4
20/6/2026,923624199448,"[Welcomepack] ROA - 010626 - 300626",580464854996,"Push Notification",Push,2026-07-01,2026-07-31,42,42,8,42,42,1
17/7/2026,630985266681,"[Welcomepack] Adelaide - 010726 - 310826",142190248868,"Push Notification",Push,2026-07-01,2026-07-31,35,35,5,35,35,1
6/8/2026,272665430217,"gc机场discount push",271381881303,"Push Notification",Push,2026-07-01,2026-07-31,7,7,2,7,7,0
21/6/2026,648028973443,"[Welcomepack] Melbourne - 010626 - 300626",209246754618,"Push Notification",Push,2026-07-01,2026-07-31,141,141,38,141,141,3
11/8/2026,467298157113,"[Welcomepack] Gold Coast - 010726-310826",967573459320,"Push Notification",Push,2026-07-01,2026-07-31,27,27,4,27,27,3
9/5/2026,721543876442,"[Welcomepack] Melbourne - 270326 - 310526",196816714395,"Push Notification",Push,2026-07-01,2026-07-31,111,111,34,111,111,5
10/7/2026,648364805553,"[Welcomepack] Perth - 010726-310826",305238340703,"Push Notification",Push,2026-07-01,2026-07-31,3,3,0,3,3,0
5/5/2026,721543876442,"[Welcomepack] Melbourne - 270326 - 310526",227934045924,"Push Notification",Push,2026-07-01,2026-07-31,90,90,25,90,90,6
22/5/2026,715376425407,"[Welcomepack] Gold Coast - 270326 - 310526",897929989692,"Push Notification",Push,2026-07-01,2026-07-31,11,11,0,11,11,1
30/5/2026,517618658746,"[Referral Comms] - Post Trip Push - PER/GC/NTL - 010426 - 300626",737810498056,"Push Notification",Push,2026-07-01,2026-07-31,3574,3414,1356,3414,3414,89
24/7/2026,881101851048,"[VIC] - 20260720",102956642783,"Push Notification",Push,2026-07-01,2026-07-31,502,479,191,479,479,21
29/5/2026,234232076159,"[Growth] - SYD - 260529",967312344991,"Push Notification",Push,2026-07-01,2026-07-31,7349,7000,2799,7000,7000,204
11/6/2026,923624199448,"[Welcomepack] ROA - 010626 - 300626",707936619179,"Push Notification",Push,2026-07-01,2026-07-31,5,5,0,5,5,0
20/6/2026,732567329072,"[Welcomepack] Perth - 010626-300626",515393984302,"Push Notification",Push,2026-07-01,2026-07-31,87,87,18,87,87,5
5/6/2026,,"",622373320838,"Push Notification",Push,2026-07-01,2026-07-31,620,597,218,597,597,82
23/6/2026,767066119293,"[Welcomepack] Sydney - 010626 - 300626",124099696006,"Push Notification",Push,2026-07-01,2026-07-31,135,135,37,135,135,5
11/8/2026,630985266681,"[Welcomepack] Adelaide - 010726 - 310826",142190248868,"Push Notification",Push,2026-07-01,2026-07-31,42,42,5,42,42,1
23/7/2026,467298157113,"[Welcomepack] Gold Coast - 010726-310826",694772992823,"Push Notification",Push,2026-07-01,2026-07-31,25,25,2,25,25,1
25/6/2026,732567329072,"[Welcomepack] Perth - 010626-300626",455413539187,"Push Notification",Push,2026-07-01,2026-07-31,75,75,11,75,75,10
20/7/2026,,"",622373320838,"Push Notification",Push,2026-07-01,2026-07-31,23135,22050,8790,22050,22050,1585
24/7/2026,916595521931,"[Welcomepack] Perth - 150726-310826",963736168333,"Push Notification",Push,2026-07-01,2026-07-31,5,5,0,5,5,0
23/6/2026,518885434739,"[Welcomepack] Brisbane - 010626 - 300626",553051629363,"Push Notification",Push,2026-07-01,2026-07-31,97,97,25,97,97,6
16/5/2026,715376425407,"[Welcomepack] Gold Coast - 270326 - 310526",515551942648,"Push Notification",Push,2026-07-01,2026-07-31,10,10,0,10,10,0
20/6/2026,963218787153,"[Welcomepack] Newcastle - 010626-300626",134356329848,"Push Notification",Push,2026-07-01,2026-07-31,2,2,0,2,2,0
20/7/2026,605475721206,"[Welcomepack] Newcastle - 010726-310726",703799973184,"Push Notification",Push,2026-07-01,2026-07-31,5,5,0,5,5,0
12/6/2026,767066119293,"[Welcomepack] Sydney - 010626 - 300626",237144554371,"Push Notification",Push,2026-07-01,2026-07-31,103,103,26,103,103,8
10/7/2026,427251360823,"[Re-active] - ADL - 260706",497151064080,"Push Notification",Push,2026-07-01,2026-07-31,3903,3718,1487,3718,3718,104
29/7/2026,326651181738,"L&F_Recovery_Survey_Target_au",144692732189,"Push Notification",Push,2026-07-01,2026-07-31,133,127,50,127,127,23
19/7/2026,760115651527,"[Referral Comms] - Post Trip Push - All AU (ex-PER/GC/NTL) - 010726 - 310826",717863995066,"Push Notification",Push,2026-07-01,2026-07-31,10089,9620,3838,9620,9620,241
22/5/2026,128899020817,"[Lucky Friday]BNE+GC",212821547958,"Push Notification",Push,2026-07-01,2026-07-31,105985,100939,40375,100939,100939,3948
27/6/2026,338585231785,"[Referral Comms] - Post Trip Push - All AU (ex-PER/GC/NTL) - 010426 - 300626",185785203882,"Push Notification",Push,2026-07-01,2026-07-31,14992,14289,5706,14289,14289,359
20/7/2026,315943297912,"[Recall] LV Silent - All AU - 200726",434307596524,"Push Notification",Push,2026-07-01,2026-07-31,59264,56443,22576,56443,56443,1790
20/7/2026,158931273139,"[Re-active] - ADL - 260720",424651786821,"Push Notification",Push,2026-07-01,2026-07-31,3646,3473,1389,3473,3473,97
12/6/2026,513111013088,"[Re-active] - ADL - 260608",729357725110,"Push Notification",Push,2026-07-01,2026-07-31,3057,2913,1164,2913,2913,87
16/7/2026,326651181738,"L&F_Recovery_Survey_Target_au",144692732189,"Push Notification",Push,2026-07-01,2026-07-31,85,81,32,81,81,17
6/8/2026,887637505649,"[Velocity] Launch - All AU PAX - 260617",513081853608,"Push Notification",Push,2026-07-01,2026-07-31,247815,236017,94405,236017,236017,6352
6/8/2026,740716308217,"[Referral Comms] - Post Trip Push - PER/GC/NTL - 010726 - 310726",987569903347,"Push Notification",Push,2026-07-01,2026-07-31,2998,2863,1136,2863,2863,80
18/6/2026,344363963847,"[_off]BNE_Growth_0616-0621",263752531713,"Push Notification",Push,2026-07-01,2026-07-31,69575,66263,26505,66263,66263,1788
24/6/2026,677670244656,"[Pass Comms] Mod Active - 260624",963842288016,"Push Notification",Push,2026-07-01,2026-07-31,13776,13122,5247,13122,13122,407
25/5/2026,338585231785,"[Referral Comms] - Post Trip Push - All AU (ex-PER/GC/NTL) - 010426 - 300626",185785203882,"Push Notification",Push,2026-07-01,2026-07-31,8540,8144,3248,8144,8144,222
31/5/2026,517618658746,"[Referral Comms] - Post Trip Push - PER/GC/NTL - 010426 - 300626",737810498056,"Push Notification",Push,2026-07-01,2026-07-31,3129,2992,1186,2992,2992,96
17/7/2026,866984765315,"[LV Recall] - Churned - ALL AU - 290626",520368523925,"Push Notification",Push,2026-07-01,2026-07-31,29871,28451,11379,28451,28451,1351
17/7/2026,126915088831,"[Re-active] - SYD - 260713",911782943491,"Push Notification",Push,2026-07-01,2026-07-31,12424,11833,4732,11833,11833,273
10/8/2026,326651181738,"L&F_Recovery_Survey_Target_au",144692732189,"Push Notification",Push,2026-07-01,2026-07-31,164,157,62,157,157,27
10/8/2026,413965021772,"[VIC] - 20260804",557125292248,"Push Notification",Push,2026-07-01,2026-07-31,453,432,172,432,432,13
3/8/2026,182000852518,"[LV Recall] - Churned - ADL/CBR/GC/MEL- 030826",243945072229,"Push Notification",Push,2026-07-01,2026-07-31,8935,8511,3404,8511,8511,306
3/8/2026,459022684327,"[Re-active] - GC - 260803-0809",703758355640,"Push Notification",Push,2026-07-01,2026-07-31,1737,1655,661,1655,1655,53
11/5/2026,359456843403,"[Recall] HV Silent - ALL AU - 110526",687512422452,"Push Notification",Push,2026-07-01,2026-07-31,11232,10700,4277,10700,10700,393
11/5/2026,709574063063,"[Re-active] - SYD - 260511",197095124771,"Push Notification",Push,2026-07-01,2026-07-31,11255,10720,4287,10720,10720,314
11/5/2026,713531652464,"[LV Recall] - Churned - ADL/BNE/MEL/PER - 110526",703703355070,"Push Notification",Push,2026-07-01,2026-07-31,14252,13575,5427,13575,13575,455
26/7/2026,740716308217,"[Referral Comms] - Post Trip Push - PER/GC/NTL - 010726 - 310726",987569903347,"Push Notification",Push,2026-07-01,2026-07-31,2494,2388,942,2388,2388,79
28/7/2026,485446463157,"[Re-active] - NTL - 260727",779897158376,"Push Notification",Push,2026-07-01,2026-07-31,421,403,159,403,403,5
22/7/2026,142459223471,"[Growth] -GC-260720-250726",288327005676,"Push Notification",Push,2026-07-01,2026-07-31,1250,1191,475,1191,1191,40
21/7/2026,881101851048,"[VIC] - 20260720",904582342109,"Push Notification",Push,2026-07-01,2026-07-31,537,512,204,512,512,20
5/6/2026,666733600252,"[Lucky Friday]BNE+GC_0605",215552758852,"Push Notification",Push,2026-07-01,2026-07-31,111589,106276,42510,106276,106276,3568
29/6/2026,454253637915,"[Travel_NonPFT] BNE_0629-0705",468686027629,"Push Notification",Push,2026-07-01,2026-07-31,17313,16490,6594,16490,16490,431
29/6/2026,521524669297,"[Recall] HV Silent - BNE/GC - 290626",598736284651,"Push Notification",Push,2026-07-01,2026-07-31,3796,3616,1445,3616,3616,111
29/6/2026,211791095902,"[LV Recall] - Churned - BNE/GC- 290626",523696029240,"Push Notification",Push,2026-07-01,2026-07-31,3239,3086,1233,3086,3086,80
6/7/2026,120762749734,"Email - Verify - National - 20260702",864893950683,"Push Notification",Push,2026-07-01,2026-07-31,139739,133085,53233,133085,133085,6514
6/7/2026,191179631768,"[Travel_NonPFT] BNE_0706-0712",217647687892,"Push Notification",Push,2026-07-01,2026-07-31,11931,11365,4545,11365,11365,328
6/7/2026,607437314377,"[Reactivation] - Non-PFT - NTL 060726",999982682704,"Push Notification",Push,2026-07-01,2026-07-31,280,267,106,267,267,9
6/7/2026,568064115856,"[Growth] - ADL - 260706",635256567067,"Push Notification",Push,2026-07-01,2026-07-31,1869,1781,712,1781,1781,56
9/6/2026,301882902669,"[HV Recall] - Churned - BNE/CBR/GC/ROA - 080626",247600029716,"Push Notification",Push,2026-07-01,2026-07-31,1739,1657,662,1657,1657,53
1/7/2026,198707561698,"[Growth] - ADL - 260629",396347134268,"Push Notification",Push,2026-07-01,2026-07-31,1567,1494,597,1494,1494,32
16/6/2026,110449230353,"[Re-active] - NTL - 260615",266800888933,"Push Notification",Push,2026-07-01,2026-07-31,443,423,168,423,423,16
16/6/2026,473001337548,"[Growth] - NTL - 260615",906662044509,"Push Notification",Push,2026-07-01,2026-07-31,195,186,74,186,186,10
9/8/2026,958233537855,"[Velocity] 4.0 - 260520",508735131101,"Push Notification",Push,2026-07-01,2026-07-31,97,93,37,93,93,11
4/8/2026,916595521931,"[Welcomepack] Perth - 150726-310826",460109357141,"Push Notification",Push,2026-07-01,2026-07-31,116,116,22,116,116,8
24/6/2026,517618658746,"[Referral Comms] - Post Trip Push - PER/GC/NTL - 010426 - 300626",737810498056,"Push Notification",Push,2026-07-01,2026-07-31,2748,2631,1042,2631,2631,65
16/7/2026,741753840511,"[Welcomepack] Sydney - 010726 - 310826",486833611920,"Push Notification",Push,2026-07-01,2026-07-31,148,148,44,148,148,5
31/7/2026,360368647489,"[HV Recall] - Churned - BNE/MEL/SYD- 270726",901533897137,"Push Notification",Push,2026-07-01,2026-07-31,28809,27440,10974,27440,27440,1392
16/5/2026,773914296062,"[Comms] Quiet/Offer Reminder - 260516",560480308905,"Push Notification",Push,2026-07-01,2026-07-31,180811,172205,68879,172205,172205,11744
5/5/2026,793168965925,"[Welcomepack] Sydney - 270326 - 310526",646839636533,"Push Notification",Push,2026-07-01,2026-07-31,76,76,18,76,76,4
22/5/2026,964475539071,"[Welcomepack] ROA - 270326 - 310526",186857610328,"Push Notification",Push,2026-07-01,2026-07-31,33,33,5,33,33,3
23/5/2026,517618658746,"[Referral Comms] - Post Trip Push - PER/GC/NTL - 010426 - 300626",737810498056,"Push Notification",Push,2026-07-01,2026-07-31,3552,3395,1349,3395,3395,82
5/5/2026,715376425407,"[Welcomepack] Gold Coast - 270326 - 310526",515551942648,"Push Notification",Push,2026-07-01,2026-07-31,13,13,0,13,13,1
4/6/2026,,"",622373320838,"Push Notification",Push,2026-07-01,2026-07-31,276,269,88,269,269,33
18/6/2026,939608967791,"[Welcomepack] Adelaide - 010626 - 300626",666338091167,"Push Notification",Push,2026-07-01,2026-07-31,58,58,13,58,58,2
12/7/2026,648364805553,"[Welcomepack] Perth - 010726-310826",305238340703,"Push Notification",Push,2026-07-01,2026-07-31,61,61,13,61,61,3
1/6/2026,923624199448,"[Welcomepack] ROA - 010626 - 300626",745087390080,"Push Notification",Push,2026-07-01,2026-07-31,2,2,0,2,2,0
23/5/2026,964475539071,"[Welcomepack] ROA - 270326 - 310526",707851972585,"Push Notification",Push,2026-07-01,2026-07-31,47,47,6,47,47,3
10/8/2026,467298157113,"[Welcomepack] Gold Coast - 010726-310826",722834781425,"Push Notification",Push,2026-07-01,2026-07-31,16,16,0,16,16,0
30/7/2026,916595521931,"[Welcomepack] Perth - 150726-310826",963736168333,"Push Notification",Push,2026-07-01,2026-07-31,87,87,15,87,87,5
16/6/2026,939608967791,"[Welcomepack] Adelaide - 010626 - 300626",187827018975,"Push Notification",Push,2026-07-01,2026-07-31,35,35,4,35,35,2
8/5/2026,715376425407,"[Welcomepack] Gold Coast - 270326 - 310526",515551942648,"Push Notification",Push,2026-07-01,2026-07-31,13,13,1,13,13,1
12/6/2026,177848202834,"[Survey] SYD Airport Pick-up - Express + Travel",289105235655,"Push Notification",Push,2026-07-01,2026-07-31,43,43,4,43,43,5
28/5/2026,494416653462,"[Velocity] 4.0 - 260520",372962322169,"Push Notification",Push,2026-07-01,2026-07-31,96,92,36,92,92,9
5/8/2026,272665430217,"gc机场discount push",271381881303,"Push Notification",Push,2026-07-01,2026-07-31,5,5,0,5,5,0
10/7/2026,451622462559,"SYD/ADL Airport Pick-up Survey",364997714326,"Push Notification",Push,2026-07-01,2026-07-31,70,70,22,70,70,7
26/7/2026,981527024761,"[Welcomepack] Brisbane - 150726 - 310826",751174162096,"Push Notification",Push,2026-07-01,2026-07-31,41,41,9,41,41,1
28/7/2026,288754105149,"[Welcomepack] ROA - 010726 - 310826",259860733662,"Push Notification",Push,2026-07-01,2026-07-31,49,49,8,49,49,2
2/8/2026,605475721206,"[Welcomepack] Newcastle - 010726-310726",703799973184,"Push Notification",Push,2026-07-01,2026-07-31,3,3,0,3,3,0
9/6/2026,220957734180,"[Growth] - NTL - 260608",278357845119,"Push Notification",Push,2026-07-01,2026-07-31,76,73,28,73,73,3
29/7/2026,467298157113,"[Welcomepack] Gold Coast - 010726-310826",722834781425,"Push Notification",Push,2026-07-01,2026-07-31,25,25,1,25,25,5
1/8/2026,654163598537,"[Comms] Quiet/Offer Reminder - 260702",575874447997,"Push Notification",Push,2026-07-01,2026-07-31,7061,6728,2689,6728,6728,399
4/7/2026,454643058196,"[Survey] SYD Airport Pick-up - Express + Travel",927226745731,"Push Notification",Push,2026-07-01,2026-07-31,81,81,17,81,81,9
15/6/2026,301324899674,"[Recall] LV Silent - All AU - 150626",298620754035,"Push Notification",Push,2026-07-01,2026-07-31,77104,73437,29372,73437,73437,3019
7/8/2026,853853003149,"[HV Recall] - Churned - MEL/SYD - 030826",202557973149,"Push Notification",Push,2026-07-01,2026-07-31,16346,15568,6226,15568,15568,735
22/6/2026,336408275361,"[Travel_NonPFT] ADL_0622-0628",233329754360,"Push Notification",Push,2026-07-01,2026-07-31,5472,5213,2084,5213,5213,170
25/5/2026,721543876442,"[Welcomepack] Melbourne - 270326 - 310526",227934045924,"Push Notification",Push,2026-07-01,2026-07-31,121,121,36,121,121,7
27/6/2026,939608967791,"[Welcomepack] Adelaide - 010626 - 300626",616591700091,"Push Notification",Push,2026-07-01,2026-07-31,23,23,2,23,23,0
20/5/2026,853353319674,"[Velocity] oneoff 4.0 - 260520",250734925509,"Push Notification",Push,2026-07-01,2026-07-31,219,209,83,209,209,21
21/5/2026,721543876442,"[Welcomepack] Melbourne - 270326 - 310526",728716379637,"Push Notification",Push,2026-07-01,2026-07-31,165,165,52,165,165,5
7/7/2026,760115651527,"[Referral Comms] - Post Trip Push - All AU (ex-PER/GC/NTL) - 010726 - 310826",717863995066,"Push Notification",Push,2026-07-01,2026-07-31,5962,5689,2266,5689,5689,142
26/6/2026,615353106398,"[Re-active] - ADL - 260622",175578575992,"Push Notification",Push,2026-07-01,2026-07-31,4049,3857,1542,3857,3857,122
26/6/2026,939608967791,"[Welcomepack] Adelaide - 010626 - 300626",854628660238,"Push Notification",Push,2026-07-01,2026-07-31,34,34,5,34,34,4
13/5/2026,659628067248,"[Churning]-BNE-260510 to 260517",660508980704,"Push Notification",Push,2026-07-01,2026-07-31,3869,3686,1473,3686,3686,123
13/5/2026,197774104201,"[Welcomepack] Newcastle - 270326-310526",755424614532,"Push Notification",Push,2026-07-01,2026-07-31,9,9,1,9,9,0
6/5/2026,,"",968393579977,"Push Notification",Push,2026-07-01,2026-07-31,22859,21777,8692,21777,21777,3389
11/8/2026,760115651527,"[Referral Comms] - Post Trip Push - All AU (ex-PER/GC/NTL) - 010726 - 310826",717863995066,"Push Notification",Push,2026-07-01,2026-07-31,8923,8507,3392,8507,8507,221
12/8/2026,288754105149,"[Welcomepack] ROA - 010726 - 310826",861735291370,"Push Notification",Push,2026-07-01,2026-07-31,47,47,7,47,47,4
5/7/2026,740716308217,"[Referral Comms] - Post Trip Push - PER/GC/NTL - 010726 - 310726",987569903347,"Push Notification",Push,2026-07-01,2026-07-31,2204,2110,835,2110,2110,73
5/7/2026,680768035598,"[Re-active]-BNE-260630 to 260705",910116216554,"Push Notification",Push,2026-07-01,2026-07-31,152,152,41,152,152,7
5/7/2026,330326033929,"[Survey] ADL Airport Pick-up - Express + Travel",866571435619,"Push Notification",Push,2026-07-01,2026-07-31,6,6,0,6,6,0
3/7/2026,741753840511,"[Welcomepack] Sydney - 010726 - 310826",594053298646,"Push Notification",Push,2026-07-01,2026-07-31,1,1,0,1,1,1
25/7/2026,916595521931,"[Welcomepack] Perth - 150726-310826",963736168333,"Push Notification",Push,2026-07-01,2026-07-31,13,13,1,13,13,0
21/6/2026,963218787153,"[Welcomepack] Newcastle - 010626-300626",134356329848,"Push Notification",Push,2026-07-01,2026-07-31,6,6,0,6,6,0
18/7/2026,467298157113,"[Welcomepack] Gold Coast - 010726-310826",205081732131,"Push Notification",Push,2026-07-01,2026-07-31,27,27,1,27,27,2
19/7/2026,353872672811,"[Welcomepack] Melbourne - 150726 - 310826",149370913516,"Push Notification",Push,2026-07-01,2026-07-31,6,6,1,6,6,0
27/7/2026,605475721206,"[Welcomepack] Newcastle - 010726-310726",703799973184,"Push Notification",Push,2026-07-01,2026-07-31,5,5,0,5,5,0
21/5/2026,964475539071,"[Welcomepack] ROA - 270326 - 310526",273175774218,"Push Notification",Push,2026-07-01,2026-07-31,35,35,7,35,35,1
20/5/2026,937380599803,"[Welcomepack] Adelaide - 270326 - 310526",721317908136,"Push Notification",Push,2026-07-01,2026-07-31,44,44,8,44,44,1
21/5/2026,793168965925,"[Welcomepack] Sydney - 270326 - 310526",333581718032,"Push Notification",Push,2026-07-01,2026-07-31,151,151,46,151,151,10
23/6/2026,540567938894,"[Travel_NonPFT] SYD_0622-0628_V2",652547154257,"Push Notification",Push,2026-07-01,2026-07-31,11095,10568,4226,10568,10568,346
23/6/2026,526951827865,"[HV Recall] - Churned - ADL/MEL - 220626",948390810637,"Push Notification",Push,2026-07-01,2026-07-31,4133,3937,1574,3937,3937,131
28/6/2026,807426982295,"[Welcomepack] Gold Coast - 010626-300626",408759776305,"Push Notification",Push,2026-07-01,2026-07-31,17,17,1,17,17,0
16/7/2026,916595521931,"[Welcomepack] Perth - 150726-310826",331093023454,"Push Notification",Push,2026-07-01,2026-07-31,1,1,0,1,1,0
23/6/2026,,"",779516641674,"Push Notification",Push,2026-07-01,2026-07-31,241,236,78,236,236,38
17/7/2026,288754105149,"[Welcomepack] ROA - 010726 - 310826",415505656075,"Push Notification",Push,2026-07-01,2026-07-31,36,36,6,36,36,2
15/6/2026,177848202834,"[Survey] SYD Airport Pick-up - Express + Travel",289105235655,"Push Notification",Push,2026-07-01,2026-07-31,79,79,17,79,79,4
23/6/2026,454643058196,"[Survey] SYD Airport Pick-up - Express + Travel",864232319791,"Push Notification",Push,2026-07-01,2026-07-31,89,89,23,89,89,9
22/6/2026,767066119293,"[Welcomepack] Sydney - 010626 - 300626",870699216680,"Push Notification",Push,2026-07-01,2026-07-31,134,134,32,134,134,8
22/7/2026,288754105149,"[Welcomepack] ROA - 010726 - 310826",259860733662,"Push Notification",Push,2026-07-01,2026-07-31,56,56,8,56,56,6
28/6/2026,330326033929,"[Survey] ADL Airport Pick-up - Express + Travel",866571435619,"Push Notification",Push,2026-07-01,2026-07-31,7,7,1,7,7,1
3/7/2026,804847925196,"[Comms] Lucy Jackson 1 Year Rider Benefit - 260703",866768146956,"Push Notification",Push,2026-07-01,2026-07-31,1,1,0,1,1,1
14/6/2026,767066119293,"[Welcomepack] Sydney - 010626 - 300626",364073974416,"Push Notification",Push,2026-07-01,2026-07-31,137,137,37,137,137,12
11/6/2026,721187703616,"[Survey] ADL Airport Pick-up - Express + Travel",888771647531,"Push Notification",Push,2026-07-01,2026-07-31,6,6,0,6,6,0
24/7/2026,630985266681,"[Welcomepack] Adelaide - 010726 - 310826",134403732763,"Push Notification",Push,2026-07-01,2026-07-31,33,33,3,33,33,0
8/5/2026,197774104201,"[Welcomepack] Newcastle - 270326-310526",755424614532,"Push Notification",Push,2026-07-01,2026-07-31,5,5,0,5,5,0
10/7/2026,564884905186,"[Welcomepack] Brisbane - 010726 - 310826",734738173125,"Push Notification",Push,2026-07-01,2026-07-31,3,3,0,3,3,1
16/5/2026,585941796532,"[Welcomepack] Perth - 270326-310526",120920194274,"Push Notification",Push,2026-07-01,2026-07-31,67,67,18,67,67,3
11/6/2026,648028973443,"[Welcomepack] Melbourne - 010626 - 300626",848565217618,"Push Notification",Push,2026-07-01,2026-07-31,11,11,0,11,11,1
20/6/2026,,"",779516641674,"Push Notification",Push,2026-07-01,2026-07-31,6645,6335,2517,6335,6335,323
4/6/2026,216279965516,"[Churning]-BNE-260604 to 260607",699365386401,"Push Notification",Push,2026-07-01,2026-07-31,3493,3328,1330,3328,3328,78
22/5/2026,302171854713,"[LV Recall] - Churned - BNE/CBR/GC/SYD - 180526",672682845033,"Push Notification",Push,2026-07-01,2026-07-31,12214,11633,4652,11633,11633,738
22/5/2026,284254786193,"[Re-active] - ADL - 260518",848721869904,"Push Notification",Push,2026-07-01,2026-07-31,3784,3605,1441,3605,3605,168
22/5/2026,338585231785,"[Referral Comms] - Post Trip Push - All AU (ex-PER/GC/NTL) - 010426 - 300626",185785203882,"Push Notification",Push,2026-07-01,2026-07-31,13121,12503,4991,12503,12503,329
27/6/2026,557709994940,"Email - Verify - National - 20260626",277547145368,"Push Notification",Push,2026-07-01,2026-07-31,311248,296429,118570,296429,296429,16712
20/7/2026,843291526219,"[HV Recall] - Churned - ADL/CBR/PER/SYD - 200726",428725827902,"Push Notification",Push,2026-07-01,2026-07-31,12174,11595,4637,11595,11595,410
19/5/2026,520852367643,"[Recall] LV Silent - All AU - 180526",403533583291,"Push Notification",Push,2026-07-01,2026-07-31,38029,36219,14487,36219,36219,1323
19/5/2026,901850740731,"[Velocity] Launch - SYD - 260518",782956492506,"Push Notification",Push,2026-07-01,2026-07-31,63411,60392,24155,60392,60392,2031
12/6/2026,255469796999,"[_off]BNE_Growth_0608-0614",776760514969,"Push Notification",Push,2026-07-01,2026-07-31,71609,68201,27280,68201,68201,1760
12/6/2026,517618658746,"[Referral Comms] - Post Trip Push - PER/GC/NTL - 010426 - 300626",737810498056,"Push Notification",Push,2026-07-01,2026-07-31,3346,3196,1269,3196,3196,86
13/7/2026,178042325663,"[Growth] - ADL - 260713",991889446392,"Push Notification",Push,2026-07-01,2026-07-31,1663,1584,633,1584,1584,45
5/8/2026,413965021772,"[VIC] - 20260804",118769057707,"Push Notification",Push,2026-07-01,2026-07-31,385,367,146,367,367,8
14/7/2026,866984765315,"[LV Recall] - Churned - ALL AU - 290626",523663859838,"Push Notification",Push,2026-07-01,2026-07-31,9432,8983,3593,8983,8983,309
6/8/2026,760115651527,"[Referral Comms] - Post Trip Push - All AU (ex-PER/GC/NTL) - 010726 - 310826",717863995066,"Push Notification",Push,2026-07-01,2026-07-31,10622,10126,4040,10126,10126,280
8/5/2026,215030086846,"[LV Recall] - Churned - ADL/CBR/GC/PER/SYD - 040526",239326500495,"Push Notification",Push,2026-07-01,2026-07-31,13961,13298,5318,13298,13298,816
15/7/2026,178042325663,"[Growth] - ADL - 260713",222974949386,"Push Notification",Push,2026-07-01,2026-07-31,1506,1435,573,1435,1435,39
15/7/2026,682906794603,"[Growth] - SYD - 260713",489479382532,"Push Notification",Push,2026-07-01,2026-07-31,5436,5178,2070,5178,5178,128
25/5/2026,849433338167,"[Re-active] - ADL - 260525",694241120674,"Push Notification",Push,2026-07-01,2026-07-31,4009,3819,1527,3819,3819,131
30/6/2026,123181269119,"[Growth] -GC-260629_250705",923993355911,"Push Notification",Push,2026-07-01,2026-07-31,831,793,317,793,793,23
3/7/2026,211791095902,"[LV Recall] - Churned - BNE/GC- 290626",347436443406,"Push Notification",Push,2026-07-01,2026-07-31,4717,4494,1796,4494,4494,216
3/7/2026,733842179876,"[Re-active] - ADL - 260629",279288136724,"Push Notification",Push,2026-07-01,2026-07-31,3829,3647,1458,3647,3647,111
1/6/2026,832011919912,"[Reactivation] - Non-PFT - All (Ex-NTL) 010626",994074961841,"Push Notification",Push,2026-07-01,2026-07-31,20359,19392,7754,19392,19392,844
1/6/2026,957921357477,"[LV Recall] - Churned - ADL/CBR/GC/MEL/PER- 010626",180131928399,"Push Notification",Push,2026-07-01,2026-07-31,11798,11237,4494,11237,11237,423
25/6/2026,677670244656,"[Pass Comms] Mod Active - 260624",968262448842,"Push Notification",Push,2026-07-01,2026-07-31,4671,4449,1779,4449,4449,103
2/7/2026,123181269119,"[Growth] -GC-260629_250705",445076818413,"Push Notification",Push,2026-07-01,2026-07-31,630,601,239,601,601,17
11/5/2026,170680813783,"[Reactivation] - Non-PFT - NTL 110526",278759420080,"Push Notification",Push,2026-07-01,2026-07-31,292,279,110,279,279,7
5/6/2026,413284686985,"[Travel_NonPFT] Top6_0604_0607",472273913843,"Push Notification",Push,2026-07-01,2026-07-31,21512,20488,8195,20488,20488,581
5/6/2026,517618658746,"[Referral Comms] - Post Trip Push - PER/GC/NTL - 010426 - 300626",737810498056,"Push Notification",Push,2026-07-01,2026-07-31,3317,3168,1259,3168,3168,93
2/8/2026,326651181738,"L&F_Recovery_Survey_Target_au",144692732189,"Push Notification",Push,2026-07-01,2026-07-31,112,107,42,107,107,22
6/7/2026,700854429468,"[Re-active] - SYD - 260706",279478198223,"Push Notification",Push,2026-07-01,2026-07-31,15297,14569,5827,14569,14569,394
6/7/2026,427251360823,"[Re-active] - ADL - 260706",253626904795,"Push Notification",Push,2026-07-01,2026-07-31,4011,3821,1528,3821,3821,104
6/7/2026,967372903675,"[Travel_NonPFT] ADL_0706-07012",580658636128,"Push Notification",Push,2026-07-01,2026-07-31,5557,5294,2116,5294,5294,158
7/5/2026,793168965925,"[Welcomepack] Sydney - 270326 - 310526",162360989017,"Push Notification",Push,2026-07-01,2026-07-31,143,143,41,143,143,10
8/6/2026,564655940242,"[Re-active] - SYD - 260608",962697839877,"Push Notification",Push,2026-07-01,2026-07-31,10113,9633,3852,9633,9633,231
8/6/2026,220957734180,"[Growth] - NTL - 260608",657442109842,"Push Notification",Push,2026-07-01,2026-07-31,66,64,25,64,64,0
31/7/2026,358258135863,"[LV Recall] - Churned - ADL/CBR/GC/PER - 270726",134279664210,"Push Notification",Push,2026-07-01,2026-07-31,8804,8386,3353,8386,8386,463
30/6/2026,350400222221,"[Welcomepack] Canberra - 010626 - 300626",213253888428,"Push Notification",Push,2026-07-01,2026-07-31,6,6,0,6,6,0
16/5/2026,879045303863,"[Churning] - SYD - 260516",435101589987,"Push Notification",Push,2026-07-01,2026-07-31,2711,2582,1032,2582,2582,88
3/8/2026,277051823107,"perp机场discount push",375163866828,"Push Notification",Push,2026-07-01,2026-07-31,53,53,17,53,53,3
3/8/2026,981527024761,"[Welcomepack] Brisbane - 150726 - 310826",641954871439,"Push Notification",Push,2026-07-01,2026-07-31,75,75,15,75,75,5
20/6/2026,964741413194,"[Re-active] - GC - 260617-260621",898335419220,"Push Notification",Push,2026-07-01,2026-07-31,1007,960,384,960,960,39
8/5/2026,585941796532,"[Welcomepack] Perth - 270326-310526",551619399507,"Push Notification",Push,2026-07-01,2026-07-31,79,79,19,79,79,2
15/5/2026,715376425407,"[Welcomepack] Gold Coast - 270326 - 310526",515551942648,"Push Notification",Push,2026-07-01,2026-07-31,9,9,0,9,9,2
9/8/2026,920399069682,"Airport Pick-up Survey - 0731",674862827828,"Push Notification",Push,2026-07-01,2026-07-31,89,89,22,89,89,4
17/7/2026,916595521931,"[Welcomepack] Perth - 150726-310826",331093023454,"Push Notification",Push,2026-07-01,2026-07-31,2,2,0,2,2,1
11/5/2026,197774104201,"[Welcomepack] Newcastle - 270326-310526",755424614532,"Push Notification",Push,2026-07-01,2026-07-31,1,1,0,1,1,0
24/6/2026,807426982295,"[Welcomepack] Gold Coast - 010626-300626",617130859169,"Push Notification",Push,2026-07-01,2026-07-31,16,16,0,16,16,0
16/6/2026,648028973443,"[Welcomepack] Melbourne - 010626 - 300626",857744393116,"Push Notification",Push,2026-07-01,2026-07-31,192,191,55,191,191,8
18/6/2026,930609390534,"[Growth] - BNE - 260617 to 260621",474229212406,"Push Notification",Push,2026-07-01,2026-07-31,5483,5237,2081,5237,5237,133
20/7/2026,467298157113,"[Welcomepack] Gold Coast - 010726-310826",722834781425,"Push Notification",Push,2026-07-01,2026-07-31,12,12,1,12,12,1
7/5/2026,937380599803,"[Welcomepack] Adelaide - 270326 - 310526",721317908136,"Push Notification",Push,2026-07-01,2026-07-31,28,28,3,28,28,1
31/7/2026,630985266681,"[Welcomepack] Adelaide - 010726 - 310826",877871077084,"Push Notification",Push,2026-07-01,2026-07-31,33,33,5,33,33,0
10/6/2026,350400222221,"[Welcomepack] Canberra - 010626 - 300626",696549317890,"Push Notification",Push,2026-07-01,2026-07-31,1,1,0,1,1,0
10/6/2026,648028973443,"[Welcomepack] Melbourne - 010626 - 300626",167156319962,"Push Notification",Push,2026-07-01,2026-07-31,5,5,0,5,5,0
30/6/2026,454643058196,"[Survey] SYD Airport Pick-up - Express + Travel",864232319791,"Push Notification",Push,2026-07-01,2026-07-31,117,117,31,117,117,7
9/8/2026,467298157113,"[Welcomepack] Gold Coast - 010726-310826",538453933302,"Push Notification",Push,2026-07-01,2026-07-31,9,9,0,9,9,2
4/7/2026,741753840511,"[Welcomepack] Sydney - 010726 - 310826",594053298646,"Push Notification",Push,2026-07-01,2026-07-31,2,2,0,2,2,0
2/6/2026,283137522020,"[LV Recall] - Churned - BNE/SYD- 010626",413824419877,"Push Notification",Push,2026-07-01,2026-07-31,3452,3288,1315,3288,3288,114
2/6/2026,957921357477,"[LV Recall] - Churned - ADL/CBR/GC/MEL/PER- 010626",987926142380,"Push Notification",Push,2026-07-01,2026-07-31,5593,5327,2130,5327,5327,171
2/6/2026,494416653462,"[Velocity] 4.0 - 260520",372962322169,"Push Notification",Push,2026-07-01,2026-07-31,100,96,38,96,96,15
2/6/2026,517618658746,"[Referral Comms] - Post Trip Push - PER/GC/NTL - 010426 - 300626",737810498056,"Push Notification",Push,2026-07-01,2026-07-31,3200,3058,1213,3058,3058,97
15/6/2026,110449230353,"[Re-active] - NTL - 260615",631412453123,"Push Notification",Push,2026-07-01,2026-07-31,424,405,161,405,405,14
6/6/2026,577703934279,"[Comms] Easter - YESIKINGSBDAY - 260605",800195155140,"Push Notification",Push,2026-07-01,2026-07-31,177318,168877,67549,168877,168877,8153
7/8/2026,413965021772,"[VIC] - 20260804",641084209861,"Push Notification",Push,2026-07-01,2026-07-31,498,475,190,475,475,30
16/6/2026,807426982295,"[Welcomepack] Gold Coast - 010626-300626",866226421673,"Push Notification",Push,2026-07-01,2026-07-31,18,18,2,18,18,1
18/5/2026,622774146049,"[Velocity] Launch - ADL - 260518",763783183672,"Push Notification",Push,2026-07-01,2026-07-31,9889,9419,3766,9419,9419,293
18/5/2026,349326968634,"[Growth] - NTL - 260518",302130871310,"Push Notification",Push,2026-07-01,2026-07-31,258,247,98,247,247,9
18/5/2026,517618658746,"[Referral Comms] - Post Trip Push - PER/GC/NTL - 010426 - 300626",737810498056,"Push Notification",Push,2026-07-01,2026-07-31,2485,2377,940,2377,2377,61
13/7/2026,288754105149,"[Welcomepack] ROA - 010726 - 310826",712286265065,"Push Notification",Push,2026-07-01,2026-07-31,50,50,11,50,50,2
26/5/2026,793168965925,"[Welcomepack] Sydney - 270326 - 310526",143309167958,"Push Notification",Push,2026-07-01,2026-07-31,134,134,41,134,134,7
4/7/2026,355313617638,"[Survey] NTL Airport Pick-up - Express + Travel",447664464027,"Push Notification",Push,2026-07-01,2026-07-31,1,1,0,1,1,0
9/5/2026,618876829781,"[Welcomepack] Brisbane - 270326 - 310526",246340094548,"Push Notification",Push,2026-07-01,2026-07-31,35,35,4,35,35,2
7/8/2026,272665430217,"gc机场discount push",271381881303,"Push Notification",Push,2026-07-01,2026-07-31,11,11,1,11,11,0
7/8/2026,210227775111,"bri机场discount push",250261157906,"Push Notification",Push,2026-07-01,2026-07-31,55,55,13,55,55,4
2/8/2026,379358154481,"[Welcomepack] Canberra - 010726 - 310826",702288233284,"Push Notification",Push,2026-07-01,2026-07-31,5,5,0,5,5,1
21/6/2026,732567329072,"[Welcomepack] Perth - 010626-300626",140034739272,"Push Notification",Push,2026-07-01,2026-07-31,80,80,16,80,80,5
10/5/2026,793168965925,"[Welcomepack] Sydney - 270326 - 310526",333581718032,"Push Notification",Push,2026-07-01,2026-07-31,93,93,23,93,93,6
7/8/2026,379358154481,"[Welcomepack] Canberra - 010726 - 310826",426094875539,"Push Notification",Push,2026-07-01,2026-07-31,3,3,0,3,3,1
18/7/2026,605475721206,"[Welcomepack] Newcastle - 010726-310726",703799973184,"Push Notification",Push,2026-07-01,2026-07-31,3,3,0,3,3,0
24/7/2026,846943634446,"[HV Recall] - Churned - BNE/GC/MEL - 200726",948131561352,"Push Notification",Push,2026-07-01,2026-07-31,19096,18188,7274,18188,18188,887
24/7/2026,605475721206,"[Welcomepack] Newcastle - 010726-310726",787476229609,"Push Notification",Push,2026-07-01,2026-07-31,6,6,0,6,6,0
23/6/2026,338585231785,"[Referral Comms] - Post Trip Push - All AU (ex-PER/GC/NTL) - 010426 - 300626",185785203882,"Push Notification",Push,2026-07-01,2026-07-31,8381,7991,3186,7991,7991,201
22/7/2026,916595521931,"[Welcomepack] Perth - 150726-310826",719631239138,"Push Notification",Push,2026-07-01,2026-07-31,3,3,0,3,3,0
26/6/2026,923624199448,"[Welcomepack] ROA - 010626 - 300626",707936619179,"Push Notification",Push,2026-07-01,2026-07-31,37,37,7,37,37,2
30/5/2026,618876829781,"[Welcomepack] Brisbane - 270326 - 310526",246340094548,"Push Notification",Push,2026-07-01,2026-07-31,49,49,8,49,49,1
2/6/2026,518885434739,"[Welcomepack] Brisbane - 010626 - 300626",642271915931,"Push Notification",Push,2026-07-01,2026-07-31,3,3,1,3,3,0
30/7/2026,981527024761,"[Welcomepack] Brisbane - 150726 - 310826",276929872088,"Push Notification",Push,2026-07-01,2026-07-31,111,111,29,111,111,9
28/6/2026,939608967791,"[Welcomepack] Adelaide - 010626 - 300626",187827018975,"Push Notification",Push,2026-07-01,2026-07-31,32,32,6,32,32,3
23/7/2026,981527024761,"[Welcomepack] Brisbane - 150726 - 310826",758619601497,"Push Notification",Push,2026-07-01,2026-07-31,3,3,0,3,3,0
30/5/2026,715376425407,"[Welcomepack] Gold Coast - 270326 - 310526",515551942648,"Push Notification",Push,2026-07-01,2026-07-31,12,12,0,12,12,0
28/6/2026,350400222221,"[Welcomepack] Canberra - 010626 - 300626",213253888428,"Push Notification",Push,2026-07-01,2026-07-31,2,2,0,2,2,0
29/7/2026,605475721206,"[Welcomepack] Newcastle - 010726-310726",602875187001,"Push Notification",Push,2026-07-01,2026-07-31,10,10,1,10,10,1
22/5/2026,157783244249,"[Re-active] - SYD - 260518",271760042699,"Push Notification",Push,2026-07-01,2026-07-31,10617,10113,4044,10113,10113,339
13/7/2026,126915088831,"[Re-active] - SYD - 260713",437865724144,"Push Notification",Push,2026-07-01,2026-07-31,14403,13718,5487,13718,13718,370
13/7/2026,425912192499,"[Recall] LV Silent - All AU - 130726",595798904076,"Push Notification",Push,2026-07-01,2026-07-31,98257,93580,37429,93580,93580,3579
4/8/2026,323987491291,"[HV Recall] - Churned - ADL/CBR/GC - 030826",748813125380,"Push Notification",Push,2026-07-01,2026-07-31,785,748,299,748,748,34
8/7/2026,608454492417,"[Growth] - SYD - 260706",575186936374,"Push Notification",Push,2026-07-01,2026-07-31,6889,6562,2624,6562,6562,216
27/7/2026,569144841061,"[Reactivation] - Non-PFT - All 270726",798161301472,"Push Notification",Push,2026-07-01,2026-07-31,26645,25380,10149,25380,25380,968
27/7/2026,485446463157,"[Re-active] - NTL - 260727",763940159541,"Push Notification",Push,2026-07-01,2026-07-31,392,374,149,374,374,9
17/7/2026,311424903809,"SORELOSER SYD",714642731773,"Push Notification",Push,2026-07-01,2026-07-31,169827,161743,64696,161743,161743,4725
10/8/2026,706101133367,"[Recall] Silent - NTL - 100826",903132444895,"Push Notification",Push,2026-07-01,2026-07-31,955,910,364,910,910,42
10/8/2026,632834977477,"[Re-active] - ADL - 26070810",615269562089,"Push Notification",Push,2026-07-01,2026-07-31,3779,3600,1439,3600,3600,98
9/7/2026,760115651527,"[Referral Comms] - Post Trip Push - All AU (ex-PER/GC/NTL) - 010726 - 310826",717863995066,"Push Notification",Push,2026-07-01,2026-07-31,11386,10853,4333,10853,10853,283
3/8/2026,434005629940,"[HP Grower Unclear No Demand] - SYD - 260803",509865454787,"Push Notification",Push,2026-07-01,2026-07-31,15393,14661,5863,14661,14661,497
21/7/2026,548869251139,"[Re-active] - NTL - 260720",785368423141,"Push Notification",Push,2026-07-01,2026-07-31,432,412,164,412,412,13
4/8/2026,362651154771,"mel机场discount push",152027986116,"Push Notification",Push,2026-07-01,2026-07-31,127,127,41,127,127,10
29/6/2026,582184520492,"[Travel_NonPFT] SYD_0629-0705",666180424957,"Push Notification",Push,2026-07-01,2026-07-31,15031,14317,5726,14317,14317,381
9/6/2026,558656404090,"[Recall] HV Silent - ALL AU - 080626",806240484399,"Push Notification",Push,2026-07-01,2026-07-31,9125,8691,3476,8691,8691,342
1/7/2026,131404713396,"[Travel_NonPFT] MEL_0701",888800380891,"Push Notification",Push,2026-07-01,2026-07-31,12267,11686,4671,11686,11686,323
19/7/2026,288754105149,"[Welcomepack] ROA - 010726 - 310826",861735291370,"Push Notification",Push,2026-07-01,2026-07-31,51,51,10,51,51,2
5/5/2026,393222704960,"[Churning]-BNE-260504 to 260509",170705263935,"Push Notification",Push,2026-07-01,2026-07-31,6274,5976,2390,5976,5976,251
5/5/2026,130379290700,"[HV Recall] - Churned - BNE/MEL - 040526",441968271884,"Push Notification",Push,2026-07-01,2026-07-31,3145,2996,1198,2996,2996,122
16/7/2026,379358154481,"[Welcomepack] Canberra - 010726 - 310826",174672073487,"Push Notification",Push,2026-07-01,2026-07-31,3,3,0,3,3,0
8/6/2026,558656404090,"[Recall] HV Silent - ALL AU - 080626",992546774573,"Push Notification",Push,2026-07-01,2026-07-31,15868,15113,6044,15113,15113,531
8/6/2026,720938700184,"[Recall] Silent - NTL - 080626",151064988644,"Push Notification",Push,2026-07-01,2026-07-31,904,861,344,861,861,40
3/8/2026,630985266681,"[Welcomepack] Adelaide - 010726 - 310826",142190248868,"Push Notification",Push,2026-07-01,2026-07-31,39,39,4,39,39,0
23/5/2026,494416653462,"[Velocity] 4.0 - 260520",372962322169,"Push Notification",Push,2026-07-01,2026-07-31,144,138,55,138,138,24
15/5/2026,709574063063,"[Re-active] - SYD - 260511",137127719932,"Push Notification",Push,2026-07-01,2026-07-31,10056,9578,3830,9578,9578,390
10/8/2026,,"",411553922808,"Push Notification",Push,2026-07-01,2026-07-31,197,195,52,195,195,23
22/7/2026,781973046677,"[CAN] - 20260720",960126389212,"Push Notification",Push,2026-07-01,2026-07-31,7,7,2,7,7,0
31/5/2026,937380599803,"[Welcomepack] Adelaide - 270326 - 310526",367960026641,"Push Notification",Push,2026-07-01,2026-07-31,26,26,1,26,26,0
26/7/2026,672322203074,"[Velocity] - All AU PAX - 260617",156684229473,"Push Notification",Push,2026-07-01,2026-07-31,41,41,14,41,41,6
14/7/2026,467298157113,"[Welcomepack] Gold Coast - 010726-310826",205081732131,"Push Notification",Push,2026-07-01,2026-07-31,22,22,1,22,22,1
12/5/2026,937380599803,"[Welcomepack] Adelaide - 270326 - 310526",993133983077,"Push Notification",Push,2026-07-01,2026-07-31,47,47,10,47,47,1
10/8/2026,288754105149,"[Welcomepack] ROA - 010726 - 310826",861735291370,"Push Notification",Push,2026-07-01,2026-07-31,35,35,2,35,35,0
8/8/2026,379358154481,"[Welcomepack] Canberra - 010726 - 310826",426094875539,"Push Notification",Push,2026-07-01,2026-07-31,9,9,0,9,9,1
28/5/2026,715376425407,"[Welcomepack] Gold Coast - 270326 - 310526",515551942648,"Push Notification",Push,2026-07-01,2026-07-31,21,21,4,21,21,0
1/8/2026,740716308217,"[Referral Comms] - Post Trip Push - PER/GC/NTL - 010726 - 310726",987569903347,"Push Notification",Push,2026-07-01,2026-07-31,3581,3420,1359,3420,3420,92
4/7/2026,605475721206,"[Welcomepack] Newcastle - 010726-310726",799844537109,"Push Notification",Push,2026-07-01,2026-07-31,1,1,0,1,1,0
2/6/2026,339387801810,"[HV Recall] - Churned - BNE/SYD/ROA - 010626",290535043233,"Push Notification",Push,2026-07-01,2026-07-31,3214,3061,1224,3061,3061,104
14/5/2026,,"",255093851120,"Push Notification",Push,2026-07-01,2026-07-31,4708,4492,1778,4492,4492,365
22/6/2026,355313617638,"[Survey] NTL Airport Pick-up - Express + Travel",447664464027,"Push Notification",Push,2026-07-01,2026-07-31,3,3,0,3,3,1
18/5/2026,909568909693,"[HV Recall] - Churned - ADL/MEL/PER/ROA - 180526",424652417930,"Push Notification",Push,2026-07-01,2026-07-31,13923,13261,5304,13261,13261,462
18/5/2026,711405633721,"[Re-active] - NTL - 260518",404250872775,"Push Notification",Push,2026-07-01,2026-07-31,509,486,193,486,486,17
17/5/2026,,"",544787987953,"Push Notification",Push,2026-07-01,2026-07-31,349,339,119,339,339,60
21/6/2026,338585231785,"[Referral Comms] - Post Trip Push - All AU (ex-PER/GC/NTL) - 010426 - 300626",185785203882,"Push Notification",Push,2026-07-01,2026-07-31,10014,9546,3809,9546,9546,256
21/6/2026,721187703616,"[Survey] ADL Airport Pick-up - Express + Travel",888771647531,"Push Notification",Push,2026-07-01,2026-07-31,13,13,0,13,13,0
24/6/2026,963218787153,"[Welcomepack] Newcastle - 010626-300626",134356329848,"Push Notification",Push,2026-07-01,2026-07-31,7,7,0,7,7,2
20/5/2026,715376425407,"[Welcomepack] Gold Coast - 270326 - 310526",515551942648,"Push Notification",Push,2026-07-01,2026-07-31,9,9,0,9,9,0
2/7/2026,330326033929,"[Survey] ADL Airport Pick-up - Express + Travel",866571435619,"Push Notification",Push,2026-07-01,2026-07-31,19,19,3,19,19,1
11/8/2026,214600235603,"[Travel_NonPFT] Nationwide 0810-0816",990534692385,"Push Notification",Push,2026-07-01,2026-07-31,32558,31016,12398,31016,31016,831
22/6/2026,939608967791,"[Welcomepack] Adelaide - 010626 - 300626",854628660238,"Push Notification",Push,2026-07-01,2026-07-31,34,34,5,34,34,1
10/5/2026,687288798198,"[Growth] - BNE - 260504 to 260509",430588332304,"Push Notification",Push,2026-07-01,2026-07-31,95,95,16,95,95,3
1/8/2026,920399069682,"Airport Pick-up Survey - 0731",674862827828,"Push Notification",Push,2026-07-01,2026-07-31,53,53,9,53,53,4
23/7/2026,296929642958,"[HP Pred. Drop LC] - SYD - 260713",914459103886,"Push Notification",Push,2026-07-01,2026-07-31,296,283,112,283,283,13
23/7/2026,306955269447,"[HP Iden. Drop LC] - SYD - 260713",752430651858,"Push Notification",Push,2026-07-01,2026-07-31,99,95,38,95,95,6
23/7/2026,672322203074,"[Velocity] - All AU PAX - 260617",375727185949,"Push Notification",Push,2026-07-01,2026-07-31,138,133,50,133,133,17
15/6/2026,767066119293,"[Welcomepack] Sydney - 010626 - 300626",124099696006,"Push Notification",Push,2026-07-01,2026-07-31,121,121,30,121,121,6
23/7/2026,288754105149,"[Welcomepack] ROA - 010726 - 310826",142111226089,"Push Notification",Push,2026-07-01,2026-07-31,54,54,10,54,54,3
18/6/2026,721187703616,"[Survey] ADL Airport Pick-up - Express + Travel",888771647531,"Push Notification",Push,2026-07-01,2026-07-31,10,10,0,10,10,0
11/6/2026,939608967791,"[Welcomepack] Adelaide - 010626 - 300626",616591700091,"Push Notification",Push,2026-07-01,2026-07-31,1,1,0,1,1,1
24/7/2026,288754105149,"[Welcomepack] ROA - 010726 - 310826",415505656075,"Push Notification",Push,2026-07-01,2026-07-31,41,41,7,41,41,1
10/7/2026,700854429468,"[Re-active] - SYD - 260706",215149112239,"Push Notification",Push,2026-07-01,2026-07-31,15239,14514,5805,14514,14514,448
19/6/2026,632066249563,"Email - Verify - National - 20260618",633497639447,"Push Notification",Push,2026-07-01,2026-07-31,220640,210134,84053,210134,210134,12751
29/7/2026,881101851048,"[VIC] - 20260720",221854918573,"Push Notification",Push,2026-07-01,2026-07-31,531,506,202,506,506,16
19/7/2026,672322203074,"[Velocity] - All AU PAX - 260617",375727185949,"Push Notification",Push,2026-07-01,2026-07-31,43,42,16,42,42,6
22/5/2026,349326968634,"[Growth] - NTL - 260518",817908801854,"Push Notification",Push,2026-07-01,2026-07-31,270,258,102,258,258,15
27/6/2026,677670244656,"[Pass Comms] Mod Active - 260624",185816363441,"Push Notification",Push,2026-07-01,2026-07-31,5197,4950,1980,4950,4950,137
13/7/2026,709066089537,"[Re-active] - ADL - 260713",760037685467,"Push Notification",Push,2026-07-01,2026-07-31,3651,3478,1390,3478,3478,82
5/8/2026,244739964591,"[HP Grower Unclear] - SYD - 260803",903993815757,"Push Notification",Push,2026-07-01,2026-07-31,531,506,202,506,506,15
10/8/2026,173082444314,"[HV Recall] - Churned - ADL/BNE/CBR/GC- 100826",993912332437,"Push Notification",Push,2026-07-01,2026-07-31,4481,4269,1707,4269,4269,133
17/6/2026,939608967791,"[Welcomepack] Adelaide - 010626 - 300626",854628660238,"Push Notification",Push,2026-07-01,2026-07-31,57,57,13,57,57,5
26/5/2026,560278189832,"[Growth] - ADL - 260525",626666147982,"Push Notification",Push,2026-07-01,2026-07-31,2347,2236,894,2236,2236,77
3/8/2026,418149669420,"[Recall] HV Silent - Sydney 030826",177999751220,"Push Notification",Push,2026-07-01,2026-07-31,4225,4025,1609,4025,4025,124
3/8/2026,554535469421,"[Re-active] - NTL - 260803",339132238184,"Push Notification",Push,2026-07-01,2026-07-31,285,273,109,273,273,2
28/7/2026,881101851048,"[VIC] - 20260720",452267166365,"Push Notification",Push,2026-07-01,2026-07-31,499,476,190,476,476,16
11/5/2026,910435775005,"[Re-active] - NTL - 260511",846496060716,"Push Notification",Push,2026-07-01,2026-07-31,534,511,202,511,511,17
5/6/2026,663898704986,"[Comms] Quiet/Offer Reminder - 260605",184956281507,"Push Notification",Push,2026-07-01,2026-07-31,22403,21337,8534,21337,21337,728
5/6/2026,520708845988,"YESIKINGSBDAY - ROA - 2026 - Push - Email",831827834219,"Push Notification",Push,2026-07-01,2026-07-31,9043,8613,3445,8613,8613,397
29/6/2026,311849185034,"L&F_Recovery_Survey_Target_au",584492848049,"Push Notification",Push,2026-07-01,2026-07-31,124,119,47,119,119,17
15/5/2026,346290885490,"[HV Recall] - Churned - ADL/BNE/MEL/PER- 110526",440162391428,"Push Notification",Push,2026-07-01,2026-07-31,25972,24739,9893,24739,24739,1558
15/5/2026,713531652464,"[LV Recall] - Churned - ADL/BNE/MEL/PER - 110526",319212182012,"Push Notification",Push,2026-07-01,2026-07-31,22320,21259,8501,21259,21259,1359
9/6/2026,414728413796,"[LV Recall] - Churned - ADL/MEL/PER/SYD - 080626",391460188959,"Push Notification",Push,2026-07-01,2026-07-31,7593,7232,2892,7232,7232,256
24/5/2026,494416653462,"[Velocity] 4.0 - 260520",372962322169,"Push Notification",Push,2026-07-01,2026-07-31,120,115,46,115,115,16
9/8/2026,,"",285763280155,"Push Notification",Push,2026-07-01,2026-07-31,151,150,35,150,150,15
8/6/2026,337141205805,"[Growth] - SYD - 260608",601841071847,"Push Notification",Push,2026-07-01,2026-07-31,5805,5530,2211,5530,5530,133
16/6/2026,963218787153,"[Welcomepack] Newcastle - 010626-300626",384337061082,"Push Notification",Push,2026-07-01,2026-07-31,2,2,0,2,2,0
10/6/2026,137012920175,"[Re-active] - GC - 260609-260614",790278825836,"Push Notification",Push,2026-07-01,2026-07-31,1477,1408,562,1408,1408,39
6/7/2026,912831326866,"[Growth] - NTL - 260706",417683285014,"Push Notification",Push,2026-07-01,2026-07-31,192,184,73,184,184,3
8/5/2026,793168965925,"[Welcomepack] Sydney - 270326 - 310526",333581718032,"Push Notification",Push,2026-07-01,2026-07-31,107,107,31,107,107,10
29/7/2026,379358154481,"[Welcomepack] Canberra - 010726 - 310826",733730389916,"Push Notification",Push,2026-07-01,2026-07-31,7,7,0,7,7,0
23/5/2026,793168965925,"[Welcomepack] Sydney - 270326 - 310526",646839636533,"Push Notification",Push,2026-07-01,2026-07-31,97,97,26,97,97,2
3/8/2026,379358154481,"[Welcomepack] Canberra - 010726 - 310826",702288233284,"Push Notification",Push,2026-07-01,2026-07-31,3,3,0,3,3,0
19/7/2026,,"",779516641674,"Push Notification",Push,2026-07-01,2026-07-31,386,375,122,375,375,50
10/6/2026,732567329072,"[Welcomepack] Perth - 010626-300626",515393984302,"Push Notification",Push,2026-07-01,2026-07-31,1,1,0,1,1,0
26/5/2026,715376425407,"[Welcomepack] Gold Coast - 270326 - 310526",118499168370,"Push Notification",Push,2026-07-01,2026-07-31,21,21,0,21,21,1
11/5/2026,585941796532,"[Welcomepack] Perth - 270326-310526",700265107704,"Push Notification",Push,2026-07-01,2026-07-31,54,54,11,54,54,3
2/6/2026,308884873666,"[Recall] LV Silent - All AU - 010626",502039215999,"Push Notification",Push,2026-07-01,2026-07-31,41195,39235,15693,39235,39235,1820
22/6/2026,263622519169,"[Recall] HV Silent - ALL AU (excl. MEL) - 220626",392366173661,"Push Notification",Push,2026-07-01,2026-07-31,11010,10487,4194,10487,10487,354
20/5/2026,622774146049,"[Velocity] Launch - ADL - 260518",804395791514,"Push Notification",Push,2026-07-01,2026-07-31,9282,8841,3536,8841,8841,295
12/8/2026,952769480956,"[Occasion] Wed PM Push W2 - 260812",797681141559,"Push Notification",Push,2026-07-01,2026-07-31,133107,126771,50708,126771,126771,3771
16/6/2026,923624199448,"[Welcomepack] ROA - 010626 - 300626",461809339605,"Push Notification",Push,2026-07-01,2026-07-31,52,52,11,52,52,3
7/7/2026,907622105504,"[FIFA WC] AU Losers - 260707",360868495788,"Push Notification",Push,2026-07-01,2026-07-31,16698,15903,6361,15903,15903,1931
26/6/2026,822937841366,"[Re-active] - SYD - 260622",278757000813,"Push Notification",Push,2026-07-01,2026-07-31,10121,9640,3855,9640,9640,238
11/8/2026,511030133747,"[Reactivation] - Non-PFT - All (excl. SYD/NTL) 110826",629587585626,"Push Notification",Push,2026-07-01,2026-07-31,17411,16584,6632,16584,16584,525
22/5/2026,592663234832,"[Welcomepack] Canberra - 270326 - 310526",327297956088,"Push Notification",Push,2026-07-01,2026-07-31,2,2,0,2,2,0
2/6/2026,648028973443,"[Welcomepack] Melbourne - 010626 - 300626",425107809257,"Push Notification",Push,2026-07-01,2026-07-31,6,6,2,6,6,1
10/5/2026,715376425407,"[Welcomepack] Gold Coast - 270326 - 310526",897929989692,"Push Notification",Push,2026-07-01,2026-07-31,18,18,0,18,18,1
13/7/2026,564884905186,"[Welcomepack] Brisbane - 010726 - 310826",407622497932,"Push Notification",Push,2026-07-01,2026-07-31,65,65,15,65,65,3
19/6/2026,807426982295,"[Welcomepack] Gold Coast - 010626-300626",408759776305,"Push Notification",Push,2026-07-01,2026-07-31,9,9,0,9,9,1
30/5/2026,494416653462,"[Velocity] 4.0 - 260520",372962322169,"Push Notification",Push,2026-07-01,2026-07-31,112,107,42,107,107,12
11/6/2026,514579949232,"[Travel_NonPFT] Top6_0608_0614",821017749689,"Push Notification",Push,2026-07-01,2026-07-31,9416,8968,3587,8968,8968,281
24/7/2026,672322203074,"[Velocity] - All AU PAX - 260617",606422820267,"Push Notification",Push,2026-07-01,2026-07-31,43,43,15,43,43,11
23/7/2026,916595521931,"[Welcomepack] Perth - 150726-310826",963736168333,"Push Notification",Push,2026-07-01,2026-07-31,9,9,0,9,9,1
24/7/2026,981527024761,"[Welcomepack] Brisbane - 150726 - 310826",758619601497,"Push Notification",Push,2026-07-01,2026-07-31,6,6,0,6,6,1
14/6/2026,923624199448,"[Welcomepack] ROA - 010626 - 300626",989334894899,"Push Notification",Push,2026-07-01,2026-07-31,27,27,1,27,27,1
25/6/2026,807426982295,"[Welcomepack] Gold Coast - 010626-300626",151859493645,"Push Notification",Push,2026-07-01,2026-07-31,17,17,1,17,17,0
11/7/2026,741753840511,"[Welcomepack] Sydney - 010726 - 310826",747279432741,"Push Notification",Push,2026-07-01,2026-07-31,6,6,0,6,6,1
20/6/2026,350400222221,"[Welcomepack] Canberra - 010626 - 300626",696549317890,"Push Notification",Push,2026-07-01,2026-07-31,2,2,0,2,2,0
14/6/2026,721187703616,"[Survey] ADL Airport Pick-up - Express + Travel",888771647531,"Push Notification",Push,2026-07-01,2026-07-31,7,7,0,7,7,1
19/6/2026,341808011018,"[Velocity] Launch - SYD - 260617",529059599149,"Push Notification",Push,2026-07-01,2026-07-31,35526,33835,13533,33835,33835,940
19/7/2026,326651181738,"L&F_Recovery_Survey_Target_au",144692732189,"Push Notification",Push,2026-07-01,2026-07-31,116,111,44,111,111,21
27/6/2026,311849185034,"L&F_Recovery_Survey_Target_au",584492848049,"Push Notification",Push,2026-07-01,2026-07-31,109,104,41,104,104,16
12/6/2026,273619788425,"World Cup - Australia v Türkiye - National - 20260611",974177054965,"Push Notification",Push,2026-07-01,2026-07-31,706426,672789,269113,672789,672789,27454
13/7/2026,717275109756,"[HV Recall] - Churned - ALL AU- 130726",293686252599,"Push Notification",Push,2026-07-01,2026-07-31,33872,32260,12903,32260,32260,1109
4/8/2026,231103824410,"[Recall] LV Silent - Sydney 030826",381150211626,"Push Notification",Push,2026-07-01,2026-07-31,4167,3969,1587,3969,3969,115
8/5/2026,229303679907,"[Comms] Mother's Day - NonPFT Delivery - AU (ex QLD) - 260506",118343395138,"Push Notification",Push,2026-07-01,2026-07-31,573160,545871,218344,545871,545871,18076
27/7/2026,107491907490,"[Growth] - NTL - 260727",660225832645,"Push Notification",Push,2026-07-01,2026-07-31,287,274,109,274,274,5
17/7/2026,718642512997,"Email - Verify - National - 20260716_push",532842392525,"Push Notification",Push,2026-07-01,2026-07-31,277405,264197,105677,264197,264197,11095
10/8/2026,486326911647,"[LV Recall] - Churned - MEL/PER/SYD - 100826",888543444638,"Push Notification",Push,2026-07-01,2026-07-31,14653,13956,5581,13956,13956,500
1/6/2026,414969641734,"[Growth] -GC-260601_250607",707017487524,"Push Notification",Push,2026-07-01,2026-07-31,1005,958,383,958,958,45
1/6/2026,180612012482,"[Reactivation] - Non-PFT - NTL 010626",149888631653,"Push Notification",Push,2026-07-01,2026-07-31,273,260,104,260,260,18
21/7/2026,296929642958,"[HP Pred. Drop LC] - SYD - 260713",578388976770,"Push Notification",Push,2026-07-01,2026-07-31,261,250,99,250,250,8
21/7/2026,,"",121934418534,"Push Notification",Push,2026-07-01,2026-07-31,112,109,31,109,109,12
5/6/2026,339387801810,"[HV Recall] - Churned - BNE/SYD/ROA - 010626",682054278875,"Push Notification",Push,2026-07-01,2026-07-31,9596,9140,3654,9140,9140,538
29/6/2026,318027331123,"[Recall] LV Silent - BNE/GC - 290626",790827373567,"Push Notification",Push,2026-07-01,2026-07-31,16005,15244,6097,15244,15244,526
29/6/2026,198707561698,"[Growth] - ADL - 260629",215853526340,"Push Notification",Push,2026-07-01,2026-07-31,1633,1556,622,1556,1556,39
27/7/2026,431365169463,"[HP Iden. Drop HC] - SYD - 260727",478629124845,"Push Notification",Push,2026-07-01,2026-07-31,182,174,69,174,174,1
10/6/2026,624008150645,"[Growth] - BNE - 260608 to 260614",147910204824,"Push Notification",Push,2026-07-01,2026-07-31,5992,5709,2280,5709,5709,151
27/5/2026,585941796532,"[Welcomepack] Perth - 270326-310526",120920194274,"Push Notification",Push,2026-07-01,2026-07-31,106,106,34,106,106,5
19/6/2026,939608967791,"[Welcomepack] Adelaide - 010626 - 300626",187827018975,"Push Notification",Push,2026-07-01,2026-07-31,39,39,6,39,39,1
12/7/2026,,"",411553922808,"Push Notification",Push,2026-07-01,2026-07-31,8893,8477,3367,8477,8477,428
27/7/2026,741753840511,"[Welcomepack] Sydney - 010726 - 310826",500371194913,"Push Notification",Push,2026-07-01,2026-07-31,159,159,41,159,159,8
7/6/2026,807426982295,"[Welcomepack] Gold Coast - 010626-300626",315212695041,"Push Notification",Push,2026-07-01,2026-07-31,1,1,0,1,1,1
7/5/2026,592663234832,"[Welcomepack] Canberra - 270326 - 310526",327297956088,"Push Notification",Push,2026-07-01,2026-07-31,1,1,0,1,1,0
27/7/2026,630985266681,"[Welcomepack] Adelaide - 010726 - 310826",346225872989,"Push Notification",Push,2026-07-01,2026-07-31,23,23,3,23,23,1
15/6/2026,509533184676,"[FIFA WC] Comms Australia Winners - 20260615",469335070898,"Push Notification",Push,2026-07-01,2026-07-31,12121,11544,4617,11544,11544,2243
22/6/2026,476979895818,"[Recall] LV Silent - All AU - 220626",863923557567,"Push Notification",Push,2026-07-01,2026-07-31,57699,54953,21980,54953,54953,1723
22/6/2026,615353106398,"[Re-active] - ADL - 260622",117894487417,"Push Notification",Push,2026-07-01,2026-07-31,3929,3743,1497,3743,3743,83
5/8/2026,605475721206,"[Welcomepack] Newcastle - 010726-310726",799844537109,"Push Notification",Push,2026-07-01,2026-07-31,4,4,0,4,4,0
26/6/2026,557709994940,"Email - Verify - National - 20260626",702769760786,"Push Notification",Push,2026-07-01,2026-07-31,85993,81899,32759,81899,81899,4541
18/5/2026,284254786193,"[Re-active] - ADL - 260518",502179545041,"Push Notification",Push,2026-07-01,2026-07-31,3766,3587,1434,3587,3587,97
15/6/2026,473001337548,"[Growth] - NTL - 260615",430827561471,"Push Notification",Push,2026-07-01,2026-07-31,189,181,72,181,181,6
18/5/2026,197774104201,"[Welcomepack] Newcastle - 270326-310526",755424614532,"Push Notification",Push,2026-07-01,2026-07-31,5,5,0,5,5,2
15/6/2026,721187703616,"[Survey] ADL Airport Pick-up - Express + Travel",888771647531,"Push Notification",Push,2026-07-01,2026-07-31,11,11,2,11,11,3
24/6/2026,350400222221,"[Welcomepack] Canberra - 010626 - 300626",696549317890,"Push Notification",Push,2026-07-01,2026-07-31,1,1,0,1,1,0
6/6/2026,807426982295,"[Welcomepack] Gold Coast - 010626-300626",315212695041,"Push Notification",Push,2026-07-01,2026-07-31,1,1,0,1,1,0
23/6/2026,476979895818,"[Recall] LV Silent - All AU - 220626",831957561800,"Push Notification",Push,2026-07-01,2026-07-31,43832,41746,16698,41746,41746,1368
15/7/2026,379358154481,"[Welcomepack] Canberra - 010726 - 310826",174672073487,"Push Notification",Push,2026-07-01,2026-07-31,2,2,0,2,2,0
13/5/2026,721543876442,"[Welcomepack] Melbourne - 270326 - 310526",814122387190,"Push Notification",Push,2026-07-01,2026-07-31,207,207,68,207,207,7
23/7/2026,605475721206,"[Welcomepack] Newcastle - 010726-310726",602875187001,"Push Notification",Push,2026-07-01,2026-07-31,12,12,2,12,12,0
23/6/2026,807426982295,"[Welcomepack] Gold Coast - 010626-300626",866226421673,"Push Notification",Push,2026-07-01,2026-07-31,14,14,1,14,14,2
22/5/2026,887002909338,"[LV Recall] - Churned - ADL/PER/MEL - 180526",159597930866,"Push Notification",Push,2026-07-01,2026-07-31,16965,16158,6463,16158,16158,1151
19/5/2026,622774146049,"[Velocity] Launch - ADL - 260518",717488827926,"Push Notification",Push,2026-07-01,2026-07-31,15015,14301,5719,14301,14301,460
12/6/2026,494416653462,"[Velocity] 4.0 - 260520",372962322169,"Push Notification",Push,2026-07-01,2026-07-31,78,75,30,75,75,11
5/8/2026,830926294394,"[Occasion] Wed PM Commute W1 - 260805",170611395475,"Push Notification",Push,2026-07-01,2026-07-31,107613,102490,40995,102490,102490,3519
5/8/2026,744667162419,"[Survey] BNE Airport Pick-up - PCAA+PCBA - 0805",587202497805,"Push Notification",Push,2026-07-01,2026-07-31,829,790,316,790,790,75
24/6/2026,121719257555,"[Comms] Quiet/Offer Reminder - 260624",353091815094,"Push Notification",Push,2026-07-01,2026-07-31,41259,39296,15718,39296,39296,1262
24/6/2026,278632455946,"[Non_Members 2.0] Win tickets with DiDi Club",732470013999,"Push Notification",Push,2026-07-01,2026-07-31,36858,35103,14041,35103,35103,1079
24/6/2026,690017360863,"[Growth] - SYD - 260622",664287161251,"Push Notification",Push,2026-07-01,2026-07-31,3528,3361,1344,3361,3361,83
27/7/2026,326651181738,"L&F_Recovery_Survey_Target_au",144692732189,"Push Notification",Push,2026-07-01,2026-07-31,157,150,60,150,150,25
2/7/2026,814285518897,"[Comms] Quiet/Offer Reminder - 260702",245513894508,"Push Notification",Push,2026-07-01,2026-07-31,118159,112535,45011,112535,112535,4917
3/8/2026,244739964591,"[HP Grower Unclear] - SYD - 260803",747175290998,"Push Notification",Push,2026-07-01,2026-07-31,588,560,224,560,560,21
26/7/2026,881101851048,"[VIC] - 20260720",491756163922,"Push Notification",Push,2026-07-01,2026-07-31,474,452,180,452,452,16
28/7/2026,758261314664,"[Recall] HV Silent - ALL AU - 270726",341040495482,"Push Notification",Push,2026-07-01,2026-07-31,8203,7813,3125,7813,7813,233
28/7/2026,326651181738,"L&F_Recovery_Survey_Target_au",144692732189,"Push Notification",Push,2026-07-01,2026-07-31,164,157,62,157,157,34
21/7/2026,315943297912,"[Recall] LV Silent - All AU - 200726",589036092857,"Push Notification",Push,2026-07-01,2026-07-31,44713,42585,17033,42585,42585,1404
3/6/2026,138967156533,"[Growth] - ADL - 260601",976332682446,"Push Notification",Push,2026-07-01,2026-07-31,2956,2817,1126,2817,2817,82
15/5/2026,879064138436,"[LV Recall] - Churned - CBR/GC/SYD- 110526",416932674032,"Push Notification",Push,2026-07-01,2026-07-31,8664,8255,3300,8255,8255,544
6/7/2026,584264316961,"[Travel_NonPFT] PER_0706-0712",613226454958,"Push Notification",Push,2026-07-01,2026-07-31,9614,9158,3662,9158,9158,314
1/7/2026,866417197659,"[Growth] - SYD - 260629",802992437923,"Push Notification",Push,2026-07-01,2026-07-31,7699,7333,2932,7333,7333,228
10/6/2026,337141205805,"[Growth] - SYD - 260608",331234623930,"Push Notification",Push,2026-07-01,2026-07-31,5616,5349,2139,5349,5349,131
10/8/2026,272665430217,"gc机场discount push",271381881303,"Push Notification",Push,2026-07-01,2026-07-31,7,7,0,7,7,0
1/6/2026,767066119293,"[Welcomepack] Sydney - 010626 - 300626",154521234106,"Push Notification",Push,2026-07-01,2026-07-31,3,3,0,3,3,2
13/7/2026,605475721206,"[Welcomepack] Newcastle - 010726-310726",703799973184,"Push Notification",Push,2026-07-01,2026-07-31,1,1,0,1,1,0
7/5/2026,585941796532,"[Welcomepack] Perth - 270326-310526",551619399507,"Push Notification",Push,2026-07-01,2026-07-31,52,52,11,52,52,2
22/6/2026,130829733017,"[FIFA WC] AU Losers - 260622",931347289432,"Push Notification",Push,2026-07-01,2026-07-31,12075,11500,4600,11500,11500,1687
22/6/2026,329398088460,"[Growth] - NTL - 260615",404248530945,"Push Notification",Push,2026-07-01,2026-07-31,149,143,56,143,143,3
20/5/2026,901850740731,"[Velocity] Launch - SYD - 260518",818704091514,"Push Notification",Push,2026-07-01,2026-07-31,40071,38164,15264,38164,38164,1220
7/7/2026,244720872297,"T+7 Unpaid Trip Voucher Experiment - 0707",212635074489,"Push Notification",Push,2026-07-01,2026-07-31,725,691,275,691,691,13
26/6/2026,311849185034,"L&F_Recovery_Survey_Target_au",584492848049,"Push Notification",Push,2026-07-01,2026-07-31,99,95,38,95,95,12
18/5/2026,521967589368,"[Reactivation] - Non-PFT - All 180526",890648017822,"Push Notification",Push,2026-07-01,2026-07-31,26137,24894,9956,24894,24894,881
11/8/2026,413965021772,"[VIC] - 20260804",133999932116,"Push Notification",Push,2026-07-01,2026-07-31,420,400,160,400,400,9
11/8/2026,777996764591,"[Growth] -GC-260810-0816",207077378441,"Push Notification",Push,2026-07-01,2026-07-31,1162,1108,443,1108,1108,31
19/6/2026,518885434739,"[Welcomepack] Brisbane - 010626 - 300626",932781396699,"Push Notification",Push,2026-07-01,2026-07-31,61,61,13,61,61,2
2/6/2026,993053061929,"test_email",945158217042,"Push Notification",Push,2026-07-01,2026-07-31,2,2,0,2,2,0
23/6/2026,379536140882,"[HV Recall] - Churned - BNE/SYD - 220626",249437828114,"Push Notification",Push,2026-07-01,2026-07-31,2573,2451,980,2451,2451,67
17/6/2026,807426982295,"[Welcomepack] Gold Coast - 010626-300626",866226421673,"Push Notification",Push,2026-07-01,2026-07-31,16,16,1,16,16,0
28/6/2026,311849185034,"L&F_Recovery_Survey_Target_au",584492848049,"Push Notification",Push,2026-07-01,2026-07-31,108,103,41,103,103,22
17/6/2026,963218787153,"[Welcomepack] Newcastle - 010626-300626",384337061082,"Push Notification",Push,2026-07-01,2026-07-31,3,3,0,3,3,0
29/5/2026,972411328708,"[Growth] - NTL - 260529",199356866135,"Push Notification",Push,2026-07-01,2026-07-31,296,282,112,282,282,7
14/6/2026,494416653462,"[Velocity] 4.0 - 260520",372962322169,"Push Notification",Push,2026-07-01,2026-07-31,91,87,34,87,87,15
11/7/2026,288754105149,"[Welcomepack] ROA - 010726 - 310826",167336332029,"Push Notification",Push,2026-07-01,2026-07-31,1,1,0,1,1,0
2/6/2026,473458326278,"[Comms] Monthly Savings (May) - TEST",154234053778,"Push Notification",Push,2026-07-01,2026-07-31,2,2,0,2,2,0
10/7/2026,736859191903,"[HV Recall] - Churned - ADL/CBR/MEL/PER/SYD - 060726",661718473940,"Push Notification",Push,2026-07-01,2026-07-31,19235,18320,7327,18320,18320,890
27/6/2026,885208007285,"[Pass Comms] High Active - 260624",953339810946,"Push Notification",Push,2026-07-01,2026-07-31,1339,1276,510,1276,1276,43
20/7/2026,985379270148,"[Reactivation] - Non-PFT - All 200726",103467576318,"Push Notification",Push,2026-07-01,2026-07-31,26593,25328,10130,25328,25328,878
13/7/2026,866984765315,"[LV Recall] - Churned - ALL AU - 290626",228027277623,"Push Notification",Push,2026-07-01,2026-07-31,19704,18767,7506,18767,18767,616
13/7/2026,181376683391,"[Survey] ADL Airport Pick-up - PCAA+PCBA",645967426175,"Push Notification",Push,2026-07-01,2026-07-31,159,152,60,152,152,15
16/7/2026,718642512997,"Email - Verify - National - 20260716_push",442721756908,"Push Notification",Push,2026-07-01,2026-07-31,227133,216319,86527,216319,216319,9217
6/8/2026,958233537855,"[Velocity] 4.0 - 260520",508735131101,"Push Notification",Push,2026-07-01,2026-07-31,531,506,202,506,506,57
8/5/2026,112140928028,"[Re-active] - SYD - 260504",586594025713,"Push Notification",Push,2026-07-01,2026-07-31,8691,8278,3311,8278,8278,246
8/5/2026,766289111863,"[Growth] - NTL - 260504",402133265812,"Push Notification",Push,2026-07-01,2026-07-31,177,169,66,169,169,4
27/7/2026,358258135863,"[LV Recall] - Churned - ADL/CBR/GC/PER - 270726",440422180990,"Push Notification",Push,2026-07-01,2026-07-31,5173,4928,1970,4928,4928,191
25/6/2026,121719257555,"[Comms] Quiet/Offer Reminder - 260624",916233790916,"Push Notification",Push,2026-07-01,2026-07-31,21949,20905,8361,20905,20905,674
2/7/2026,652794595480,"[Re-active] - GC - 260629-260705",213825166059,"Push Notification",Push,2026-07-01,2026-07-31,865,825,329,825,825,30
17/6/2026,718178546586,"[Growth] - SYD - 260615",997948478200,"Push Notification",Push,2026-07-01,2026-07-31,4161,3964,1585,3964,3964,123
3/8/2026,326651181738,"L&F_Recovery_Survey_Target_au",144692732189,"Push Notification",Push,2026-07-01,2026-07-31,178,170,68,170,170,31
22/7/2026,326651181738,"L&F_Recovery_Survey_Target_au",144692732189,"Push Notification",Push,2026-07-01,2026-07-31,113,108,43,108,108,12
5/6/2026,256063118846,"[Re-active] - ADL - 260601",382264241782,"Push Notification",Push,2026-07-01,2026-07-31,3690,3515,1405,3515,3515,114
29/6/2026,620462071447,"[Re-active] - SYD - 260629",687597561304,"Push Notification",Push,2026-07-01,2026-07-31,15546,14807,5922,14807,14807,382
3/6/2026,639707837578,"[Growth] - SYD - 260601",109018541841,"Push Notification",Push,2026-07-01,2026-07-31,7479,7123,2848,7123,7123,210
15/5/2026,961125907052,"[Re-active]-BNE-260511 to 260517",149953178800,"Push Notification",Push,2026-07-01,2026-07-31,434,431,155,431,431,29
24/5/2026,450151303605,"[Re-active] - GC - 260518-260524",369315316837,"Push Notification",Push,2026-07-01,2026-07-31,1314,1252,500,1252,1252,53
20/6/2026,323088941070,"[Growth] -GC-260617_250621",723238384449,"Push Notification",Push,2026-07-01,2026-07-31,824,786,313,786,786,27
12/5/2026,715376425407,"[Welcomepack] Gold Coast - 270326 - 310526",515551942648,"Push Notification",Push,2026-07-01,2026-07-31,14,14,0,14,14,0
15/6/2026,275459213602,"[Growth] - ADL - 260615",934860896855,"Push Notification",Push,2026-07-01,2026-07-31,1648,1570,627,1570,1570,49
7/8/2026,323987491291,"[HV Recall] - Churned - ADL/CBR/GC - 030826",844351856276,"Push Notification",Push,2026-07-01,2026-07-31,3599,3429,1370,3429,3429,193
7/8/2026,565978519733,"[CAN] - 20260804",235513356152,"Push Notification",Push,2026-07-01,2026-07-31,5,5,2,5,5,0
22/6/2026,526951827865,"[HV Recall] - Churned - ADL/MEL - 220626",152299874361,"Push Notification",Push,2026-07-01,2026-07-31,8720,8305,3321,8305,8305,262
26/6/2026,526951827865,"[HV Recall] - Churned - ADL/MEL - 220626",260894135926,"Push Notification",Push,2026-07-01,2026-07-31,12051,11479,4591,11479,11479,537
25/5/2026,592663234832,"[Welcomepack] Canberra - 270326 - 310526",380898790801,"Push Notification",Push,2026-07-01,2026-07-31,2,2,0,2,2,0
11/8/2026,280364609224,"[Re-active] - GC - 260810-0816",548088604677,"Push Notification",Push,2026-07-01,2026-07-31,1488,1418,566,1418,1418,33
13/5/2026,592663234832,"[Welcomepack] Canberra - 270326 - 310526",327297956088,"Push Notification",Push,2026-07-01,2026-07-31,4,4,0,4,4,1
6/8/2026,605475721206,"[Welcomepack] Newcastle - 010726-310726",602875187001,"Push Notification",Push,2026-07-01,2026-07-31,6,6,0,6,6,0
3/7/2026,648364805553,"[Welcomepack] Perth - 010726-310826",469860803149,"Push Notification",Push,2026-07-01,2026-07-31,1,1,0,1,1,0
24/7/2026,650523617430,"[Re-active] - GC - 260720-260726",306803536077,"Push Notification",Push,2026-07-01,2026-07-31,1711,1630,651,1630,1630,48
11/8/2026,379358154481,"[Welcomepack] Canberra - 010726 - 310826",505106221261,"Push Notification",Push,2026-07-01,2026-07-31,4,4,0,4,4,0
29/5/2026,225760839510,"[Re-active] - NTL - 260529",329340561952,"Push Notification",Push,2026-07-01,2026-07-31,466,445,177,445,445,15
23/7/2026,813146371825,"[HP Grower Unclear] - SYD - 260721",641447303646,"Push Notification",Push,2026-07-01,2026-07-31,463,442,176,442,442,10
11/7/2026,735618825733,"[VIC] - 20260709",172163503043,"Push Notification",Push,2026-07-01,2026-07-31,840,800,320,800,800,40
22/7/2026,353872672811,"[Welcomepack] Melbourne - 150726 - 310826",754251145649,"Push Notification",Push,2026-07-01,2026-07-31,4,4,0,4,4,0
19/5/2026,964475539071,"[Welcomepack] ROA - 270326 - 310526",186857610328,"Push Notification",Push,2026-07-01,2026-07-31,45,45,6,45,45,1
19/6/2026,818079635398,"[HV Recall] - Churned - ADL/GC/MEL/SYD- 180626",118004981055,"Push Notification",Push,2026-07-01,2026-07-31,16995,16188,6473,16188,16188,793
19/6/2026,930609390534,"[Growth] - BNE - 260617 to 260621",641285533995,"Push Notification",Push,2026-07-01,2026-07-31,343,343,119,343,343,15
10/7/2026,760115651527,"[Referral Comms] - Post Trip Push - All AU (ex-PER/GC/NTL) - 010726 - 310826",717863995066,"Push Notification",Push,2026-07-01,2026-07-31,12582,11995,4788,11995,11995,290
8/5/2026,517618658746,"[Referral Comms] - Post Trip Push - PER/GC/NTL - 010426 - 300626",737810498056,"Push Notification",Push,2026-07-01,2026-07-31,3635,3473,1379,3473,3473,89
8/5/2026,270035528173,"[Growth] - SYD - 260506",633358478065,"Push Notification",Push,2026-07-01,2026-07-31,3354,3196,1276,3196,3196,94
19/7/2026,740716308217,"[Referral Comms] - Post Trip Push - PER/GC/NTL - 010726 - 310726",987569903347,"Push Notification",Push,2026-07-01,2026-07-31,2715,2597,1030,2597,2597,65
22/5/2026,536114212771,"[Promo] VIC - 20260522 - Footy",141137498086,"Push Notification",Push,2026-07-01,2026-07-31,275031,261935,104774,261935,261935,9737
22/5/2026,494416653462,"[Velocity] 4.0 - 260520",372962322169,"Push Notification",Push,2026-07-01,2026-07-31,202,193,77,193,193,19
22/5/2026,852148232751,"[Growth] -GC-260517-250524",792052531410,"Push Notification",Push,2026-07-01,2026-07-31,1205,1149,459,1149,1149,50
7/5/2026,517618658746,"[Referral Comms] - Post Trip Push - PER/GC/NTL - 010426 - 300626",737810498056,"Push Notification",Push,2026-07-01,2026-07-31,3034,2899,1151,2899,2899,77
7/5/2026,964475539071,"[Welcomepack] ROA - 270326 - 310526",273175774218,"Push Notification",Push,2026-07-01,2026-07-31,46,46,9,46,46,1
20/7/2026,326651181738,"L&F_Recovery_Survey_Target_au",144692732189,"Push Notification",Push,2026-07-01,2026-07-31,174,166,66,166,166,36
20/7/2026,548869251139,"[Re-active] - NTL - 260720",365968583776,"Push Notification",Push,2026-07-01,2026-07-31,410,391,155,391,391,7
5/5/2026,517618658746,"[Referral Comms] - Post Trip Push - PER/GC/NTL - 010426 - 300626",737810498056,"Push Notification",Push,2026-07-01,2026-07-31,1869,1791,705,1791,1791,50
20/7/2026,288754105149,"[Welcomepack] ROA - 010726 - 310826",861735291370,"Push Notification",Push,2026-07-01,2026-07-31,40,40,8,40,40,1
5/8/2026,362651154771,"mel机场discount push",152027986116,"Push Notification",Push,2026-07-01,2026-07-31,109,109,34,109,109,7
16/7/2026,745287255910,"[Velocity] Launch - All AU PAX - 260617",131461117950,"Push Notification",Push,2026-07-01,2026-07-31,53727,51169,20467,51169,51169,1222
6/8/2026,210227775111,"bri机场discount push",250261157906,"Push Notification",Push,2026-07-01,2026-07-31,63,63,18,63,63,1
18/6/2026,445559811738,"[Non_Members] Win tickets with DiDi Club",587591966278,"Push Notification",Push,2026-07-01,2026-07-31,36054,34338,13734,34338,34338,1372
18/6/2026,338585231785,"[Referral Comms] - Post Trip Push - All AU (ex-PER/GC/NTL) - 010426 - 300626",185785203882,"Push Notification",Push,2026-07-01,2026-07-31,9932,9471,3779,9471,9471,245
18/6/2026,517618658746,"[Referral Comms] - Post Trip Push - PER/GC/NTL - 010426 - 300626",737810498056,"Push Notification",Push,2026-07-01,2026-07-31,3049,2914,1155,2914,2914,82
12/5/2026,346290885490,"[HV Recall] - Churned - ADL/BNE/MEL/PER- 110526",468461390211,"Push Notification",Push,2026-07-01,2026-07-31,8002,7621,3048,7621,7621,281
30/6/2026,908482922547,"[Re-active] - NTL - 260629",598605311487,"Push Notification",Push,2026-07-01,2026-07-31,472,450,180,450,450,16
30/6/2026,680768035598,"[Re-active]-BNE-260630 to 260705",910116216554,"Push Notification",Push,2026-07-01,2026-07-31,7686,7331,2921,7331,7331,164
31/7/2026,740716308217,"[Referral Comms] - Post Trip Push - PER/GC/NTL - 010726 - 310726",987569903347,"Push Notification",Push,2026-07-01,2026-07-31,4044,3862,1535,3862,3862,104
10/6/2026,177848202834,"[Survey] SYD Airport Pick-up - Express + Travel",646348488601,"Push Notification",Push,2026-07-01,2026-07-31,65,65,13,65,65,8
16/5/2026,964475539071,"[Welcomepack] ROA - 270326 - 310526",273175774218,"Push Notification",Push,2026-07-01,2026-07-31,34,34,5,34,34,4
1/6/2026,333350668183,"[Recall] Silent - NTL - 010626",959446727740,"Push Notification",Push,2026-07-01,2026-07-31,868,827,330,827,827,34
10/8/2026,510989649125,"[Recall] LV Silent - All AU -1030826",919479185615,"Push Notification",Push,2026-07-01,2026-07-31,56649,53952,21580,53952,53952,1654
10/8/2026,849431097248,"[Recall] HV Silent - ALL AU - 1008726",791322809433,"Push Notification",Push,2026-07-01,2026-07-31,16223,15451,6180,15451,15451,494
10/8/2026,663701385723,"[LV Recall] - Churned - ADL/CBR/GC - 100826",473058619983,"Push Notification",Push,2026-07-01,2026-07-31,2015,1920,767,1920,1920,62
10/8/2026,760115651527,"[Referral Comms] - Post Trip Push - All AU (ex-PER/GC/NTL) - 010726 - 310826",717863995066,"Push Notification",Push,2026-07-01,2026-07-31,9002,8584,3424,8584,8584,245
10/8/2026,740716308217,"[Referral Comms] - Post Trip Push - PER/GC/NTL - 010726 - 310726",987569903347,"Push Notification",Push,2026-07-01,2026-07-31,2767,2644,1047,2644,2644,60
13/6/2026,338585231785,"[Referral Comms] - Post Trip Push - All AU (ex-PER/GC/NTL) - 010426 - 300626",185785203882,"Push Notification",Push,2026-07-01,2026-07-31,14313,13640,5447,13640,13640,375
2/7/2026,120762749734,"Email - Verify - National - 20260702",871887800023,"Push Notification",Push,2026-07-01,2026-07-31,138891,132278,52910,132278,132278,6774
2/7/2026,760115651527,"[Referral Comms] - Post Trip Push - All AU (ex-PER/GC/NTL) - 010726 - 310826",717863995066,"Push Notification",Push,2026-07-01,2026-07-31,15003,14300,5710,14300,14300,329
13/6/2026,963218787153,"[Welcomepack] Newcastle - 010626-300626",134356329848,"Push Notification",Push,2026-07-01,2026-07-31,6,6,0,6,6,0
3/8/2026,993759782201,"[Recall] LV Silent - All AU (excl. Syd) - 030826",622711718252,"Push Notification",Push,2026-07-01,2026-07-31,41739,39753,15899,39753,39753,1305
3/8/2026,740716308217,"[Referral Comms] - Post Trip Push - PER/GC/NTL - 010726 - 310726",987569903347,"Push Notification",Push,2026-07-01,2026-07-31,2364,2263,897,2263,2263,56
17/7/2026,760115651527,"[Referral Comms] - Post Trip Push - All AU (ex-PER/GC/NTL) - 010726 - 310826",717863995066,"Push Notification",Push,2026-07-01,2026-07-31,13011,12403,4951,12403,12403,310
8/8/2026,740716308217,"[Referral Comms] - Post Trip Push - PER/GC/NTL - 010726 - 310726",987569903347,"Push Notification",Push,2026-07-01,2026-07-31,3785,3616,1437,3616,3616,91
11/5/2026,291716437774,"[HV Recall] - Churned - CBR/GC/SYD/ROA - 110526",105990970206,"Push Notification",Push,2026-07-01,2026-07-31,6494,6188,2472,6188,6188,252
29/6/2026,719059779328,"[Travel_NonPFT] ADL_0629-0705",806684148686,"Push Notification",Push,2026-07-01,2026-07-31,5735,5464,2185,5464,5464,159
28/7/2026,740716308217,"[Referral Comms] - Post Trip Push - PER/GC/NTL - 010726 - 310726",987569903347,"Push Notification",Push,2026-07-01,2026-07-31,2830,2707,1072,2707,2707,63
28/7/2026,760115651527,"[Referral Comms] - Post Trip Push - All AU (ex-PER/GC/NTL) - 010726 - 310826",717863995066,"Push Notification",Push,2026-07-01,2026-07-31,9528,9084,3626,9084,9084,231
9/6/2026,517618658746,"[Referral Comms] - Post Trip Push - PER/GC/NTL - 010426 - 300626",737810498056,"Push Notification",Push,2026-07-01,2026-07-31,2787,2665,1058,2665,2665,86
8/8/2026,271294753036,"syd机场discount push",737711209451,"Push Notification",Push,2026-07-01,2026-07-31,100,100,30,100,100,5
13/7/2026,760115651527,"[Referral Comms] - Post Trip Push - All AU (ex-PER/GC/NTL) - 010726 - 310826",717863995066,"Push Notification",Push,2026-07-01,2026-07-31,7999,7627,3043,7627,7627,202
13/7/2026,740716308217,"[Referral Comms] - Post Trip Push - PER/GC/NTL - 010726 - 310726",987569903347,"Push Notification",Push,2026-07-01,2026-07-31,2262,2166,856,2166,2166,54
9/8/2026,740716308217,"[Referral Comms] - Post Trip Push - PER/GC/NTL - 010726 - 310726",987569903347,"Push Notification",Push,2026-07-01,2026-07-31,2905,2775,1100,2775,2775,74
27/7/2026,964010465892,"[Re-active] - ADL - 260727",820387864013,"Push Notification",Push,2026-07-01,2026-07-31,3765,3587,1434,3587,3587,88
15/7/2026,326651181738,"L&F_Recovery_Survey_Target_au",144692732189,"Push Notification",Push,2026-07-01,2026-07-31,93,89,35,89,89,11
10/8/2026,605475721206,"[Welcomepack] Newcastle - 010726-310726",703799973184,"Push Notification",Push,2026-07-01,2026-07-31,4,4,0,4,4,0
28/7/2026,672322203074,"[Velocity] - All AU PAX - 260617",718605094672,"Push Notification",Push,2026-07-01,2026-07-31,54,53,17,53,53,6
2/8/2026,628239187279,"[Comms] Quiet/Offer Reminder - 260801",371943317972,"Push Notification",Push,2026-07-01,2026-07-31,85505,81435,32572,81435,81435,3993
9/8/2026,362651154771,"mel机场discount push",152027986116,"Push Notification",Push,2026-07-01,2026-07-31,99,99,31,99,99,4
14/7/2026,630985266681,"[Welcomepack] Adelaide - 010726 - 310826",346225872989,"Push Notification",Push,2026-07-01,2026-07-31,29,29,3,29,29,2
6/8/2026,271294753036,"syd机场discount push",737711209451,"Push Notification",Push,2026-07-01,2026-07-31,113,113,38,113,113,4
3/6/2026,338585231785,"[Referral Comms] - Post Trip Push - All AU (ex-PER/GC/NTL) - 010426 - 300626",185785203882,"Push Notification",Push,2026-07-01,2026-07-31,9300,8870,3538,8870,8870,252
15/5/2026,964475539071,"[Welcomepack] ROA - 270326 - 310526",273175774218,"Push Notification",Push,2026-07-01,2026-07-31,42,42,7,42,42,5
7/6/2026,338585231785,"[Referral Comms] - Post Trip Push - All AU (ex-PER/GC/NTL) - 010426 - 300626",185785203882,"Push Notification",Push,2026-07-01,2026-07-31,11725,11177,4461,11177,11177,331
7/6/2026,939608967791,"[Welcomepack] Adelaide - 010626 - 300626",887297881733,"Push Notification",Push,2026-07-01,2026-07-31,2,2,0,2,2,1
7/6/2026,766966313443,"[Re-active]-BNE-260601 to 260607",157166092508,"Push Notification",Push,2026-07-01,2026-07-31,257,257,85,257,257,14
3/8/2026,605475721206,"[Welcomepack] Newcastle - 010726-310726",703799973184,"Push Notification",Push,2026-07-01,2026-07-31,3,3,0,3,3,0
19/7/2026,916595521931,"[Welcomepack] Perth - 150726-310826",331093023454,"Push Notification",Push,2026-07-01,2026-07-31,3,3,1,3,3,0
22/5/2026,197774104201,"[Welcomepack] Newcastle - 270326-310526",755424614532,"Push Notification",Push,2026-07-01,2026-07-31,7,7,0,7,7,0
23/5/2026,937380599803,"[Welcomepack] Adelaide - 270326 - 310526",721317908136,"Push Notification",Push,2026-07-01,2026-07-31,30,30,2,30,30,0
4/8/2026,467298157113,"[Welcomepack] Gold Coast - 010726-310826",722834781425,"Push Notification",Push,2026-07-01,2026-07-31,26,26,1,26,26,0
21/7/2026,288754105149,"[Welcomepack] ROA - 010726 - 310826",861735291370,"Push Notification",Push,2026-07-01,2026-07-31,31,31,6,31,31,3
9/8/2026,379358154481,"[Welcomepack] Canberra - 010726 - 310826",733730389916,"Push Notification",Push,2026-07-01,2026-07-31,6,6,0,6,6,1
7/6/2026,963218787153,"[Welcomepack] Newcastle - 010626-300626",241624300719,"Push Notification",Push,2026-07-01,2026-07-31,1,1,0,1,1,0
14/7/2026,288754105149,"[Welcomepack] ROA - 010726 - 310826",861735291370,"Push Notification",Push,2026-07-01,2026-07-31,54,54,12,54,54,1
25/5/2026,964475539071,"[Welcomepack] ROA - 270326 - 310526",273175774218,"Push Notification",Push,2026-07-01,2026-07-31,41,41,9,41,41,1
25/7/2026,353872672811,"[Welcomepack] Melbourne - 150726 - 310826",754251145649,"Push Notification",Push,2026-07-01,2026-07-31,22,22,2,22,22,2
26/5/2026,197774104201,"[Welcomepack] Newcastle - 270326-310526",755424614532,"Push Notification",Push,2026-07-01,2026-07-31,7,7,0,7,7,0
9/8/2026,210227775111,"bri机场discount push",250261157906,"Push Notification",Push,2026-07-01,2026-07-31,65,65,18,65,65,3
25/5/2026,618876829781,"[Welcomepack] Brisbane - 270326 - 310526",100774271415,"Push Notification",Push,2026-07-01,2026-07-31,59,59,13,59,59,2
23/5/2026,592663234832,"[Welcomepack] Canberra - 270326 - 310526",327297956088,"Push Notification",Push,2026-07-01,2026-07-31,7,7,1,7,7,0
2/6/2026,832011919912,"[Reactivation] - Non-PFT - All (Ex-NTL) 010626",623429063829,"Push Notification",Push,2026-07-01,2026-07-31,6440,6134,2453,6134,6134,247
2/6/2026,869393301259,"[Growth] - BNE - 260601 to 260607",719369462338,"Push Notification",Push,2026-07-01,2026-07-31,306,306,102,306,306,15
20/5/2026,338585231785,"[Referral Comms] - Post Trip Push - All AU (ex-PER/GC/NTL) - 010426 - 300626",185785203882,"Push Notification",Push,2026-07-01,2026-07-31,9807,9351,3727,9351,9351,245
21/5/2026,338585231785,"[Referral Comms] - Post Trip Push - All AU (ex-PER/GC/NTL) - 010426 - 300626",185785203882,"Push Notification",Push,2026-07-01,2026-07-31,10202,9728,3882,9728,9728,258
7/8/2026,288754105149,"[Welcomepack] ROA - 010726 - 310826",296118269191,"Push Notification",Push,2026-07-01,2026-07-31,39,39,6,39,39,3
27/5/2026,715376425407,"[Welcomepack] Gold Coast - 270326 - 310526",515551942648,"Push Notification",Push,2026-07-01,2026-07-31,20,20,3,20,20,0
18/5/2026,585941796532,"[Welcomepack] Perth - 270326-310526",120920194274,"Push Notification",Push,2026-07-01,2026-07-31,73,73,15,73,73,5
17/5/2026,338585231785,"[Referral Comms] - Post Trip Push - All AU (ex-PER/GC/NTL) - 010426 - 300626",185785203882,"Push Notification",Push,2026-07-01,2026-07-31,10628,10132,4041,10132,10132,274
17/5/2026,197774104201,"[Welcomepack] Newcastle - 270326-310526",755424614532,"Push Notification",Push,2026-07-01,2026-07-31,6,6,0,6,6,0
13/5/2026,,"",622373320838,"Push Notification",Push,2026-07-01,2026-07-31,151,150,41,150,150,18
21/6/2026,517618658746,"[Referral Comms] - Post Trip Push - PER/GC/NTL - 010426 - 300626",737810498056,"Push Notification",Push,2026-07-01,2026-07-31,2425,2321,919,2321,2321,50
21/6/2026,494416653462,"[Velocity] 4.0 - 260520",372962322169,"Push Notification",Push,2026-07-01,2026-07-31,158,151,60,151,151,26
14/5/2026,964475539071,"[Welcomepack] ROA - 270326 - 310526",273175774218,"Push Notification",Push,2026-07-01,2026-07-31,36,36,4,36,36,2
27/7/2026,379358154481,"[Welcomepack] Canberra - 010726 - 310826",702288233284,"Push Notification",Push,2026-07-01,2026-07-31,10,10,0,10,10,0
1/8/2026,288754105149,"[Welcomepack] ROA - 010726 - 310826",861735291370,"Push Notification",Push,2026-07-01,2026-07-31,36,36,4,36,36,0
6/5/2026,964475539071,"[Welcomepack] ROA - 270326 - 310526",273175774218,"Push Notification",Push,2026-07-01,2026-07-31,27,27,4,27,27,2
6/5/2026,793168965925,"[Welcomepack] Sydney - 270326 - 310526",646839636533,"Push Notification",Push,2026-07-01,2026-07-31,117,117,38,117,117,10
15/6/2026,991659099133,"[Recall] Silent - NTL - 150626",942139541618,"Push Notification",Push,2026-07-01,2026-07-31,873,832,332,832,832,34
9/5/2026,592663234832,"[Welcomepack] Canberra - 270326 - 310526",327297956088,"Push Notification",Push,2026-07-01,2026-07-31,9,9,0,9,9,1
13/5/2026,793366147219,"[Growth] - SYD - 260511",291559940663,"Push Notification",Push,2026-07-01,2026-07-31,5655,5387,2153,5387,5387,186
4/7/2026,396237798717,"[Welcomepack] Melbourne - 010726 - 310826",198381941222,"Push Notification",Push,2026-07-01,2026-07-31,3,3,0,3,3,0
5/7/2026,760115651527,"[Referral Comms] - Post Trip Push - All AU (ex-PER/GC/NTL) - 010726 - 310826",717863995066,"Push Notification",Push,2026-07-01,2026-07-31,8264,7880,3145,7880,7880,230
14/5/2026,585941796532,"[Welcomepack] Perth - 270326-310526",607543943717,"Push Notification",Push,2026-07-01,2026-07-31,81,81,23,81,81,7
18/5/2026,618876829781,"[Welcomepack] Brisbane - 270326 - 310526",100774271415,"Push Notification",Push,2026-07-01,2026-07-31,61,61,11,61,61,4
28/5/2026,585941796532,"[Welcomepack] Perth - 270326-310526",120920194274,"Push Notification",Push,2026-07-01,2026-07-31,67,67,16,67,67,4
21/6/2026,,"",622373320838,"Push Notification",Push,2026-07-01,2026-07-31,322,310,108,310,310,45
29/6/2026,330326033929,"[Survey] ADL Airport Pick-up - Express + Travel",866571435619,"Push Notification",Push,2026-07-01,2026-07-31,14,14,1,14,14,3
7/8/2026,271294753036,"syd机场discount push",737711209451,"Push Notification",Push,2026-07-01,2026-07-31,135,135,47,135,135,2
3/8/2026,467298157113,"[Welcomepack] Gold Coast - 010726-310826",722834781425,"Push Notification",Push,2026-07-01,2026-07-31,13,13,0,13,13,0
18/7/2026,288754105149,"[Welcomepack] ROA - 010726 - 310826",861735291370,"Push Notification",Push,2026-07-01,2026-07-31,31,31,3,31,31,1
26/6/2026,330326033929,"[Survey] ADL Airport Pick-up - Express + Travel",866571435619,"Push Notification",Push,2026-07-01,2026-07-31,11,11,1,11,11,1
12/8/2026,271294753036,"syd机场discount push",737711209451,"Push Notification",Push,2026-07-01,2026-07-31,94,94,27,94,94,2
30/5/2026,767747838181,"[Re-active] - SYD - 260529",865615487762,"Push Notification",Push,2026-07-01,2026-07-31,11340,10801,4320,10801,10801,358
23/6/2026,963218787153,"[Welcomepack] Newcastle - 010626-300626",134356329848,"Push Notification",Push,2026-07-01,2026-07-31,5,5,0,5,5,0
11/6/2026,338585231785,"[Referral Comms] - Post Trip Push - All AU (ex-PER/GC/NTL) - 010426 - 300626",185785203882,"Push Notification",Push,2026-07-01,2026-07-31,9496,9056,3612,9056,9056,270
11/8/2026,272665430217,"gc机场discount push",271381881303,"Push Notification",Push,2026-07-01,2026-07-31,7,7,0,7,7,0
11/7/2026,740716308217,"[Referral Comms] - Post Trip Push - PER/GC/NTL - 010726 - 310726",987569903347,"Push Notification",Push,2026-07-01,2026-07-31,3570,3411,1356,3411,3411,94
24/7/2026,781973046677,"[CAN] - 20260720",181761638070,"Push Notification",Push,2026-07-01,2026-07-31,10,10,4,10,10,1
23/7/2026,740716308217,"[Referral Comms] - Post Trip Push - PER/GC/NTL - 010726 - 310726",987569903347,"Push Notification",Push,2026-07-01,2026-07-31,3306,3160,1252,3160,3160,59
23/7/2026,760115651527,"[Referral Comms] - Post Trip Push - All AU (ex-PER/GC/NTL) - 010726 - 310826",717863995066,"Push Notification",Push,2026-07-01,2026-07-31,10149,9677,3861,9677,9677,222
23/7/2026,876624445271,"[Re-active]-BNE-260720 to 260726",604254367940,"Push Notification",Push,2026-07-01,2026-07-31,456,455,162,455,455,26
23/6/2026,330326033929,"[Survey] ADL Airport Pick-up - Express + Travel",866571435619,"Push Notification",Push,2026-07-01,2026-07-31,9,9,0,9,9,0
1/7/2026,330326033929,"[Survey] ADL Airport Pick-up - Express + Travel",866571435619,"Push Notification",Push,2026-07-01,2026-07-31,15,15,0,15,15,0
30/7/2026,605475721206,"[Welcomepack] Newcastle - 010726-310726",703799973184,"Push Notification",Push,2026-07-01,2026-07-31,5,5,0,5,5,0
1/7/2026,741753840511,"[Welcomepack] Sydney - 010726 - 310826",594053298646,"Push Notification",Push,2026-07-01,2026-07-31,3,3,0,3,3,1
29/5/2026,721543876442,"[Welcomepack] Melbourne - 270326 - 310526",728716379637,"Push Notification",Push,2026-07-01,2026-07-31,111,111,29,111,111,3
20/6/2026,721187703616,"[Survey] ADL Airport Pick-up - Express + Travel",888771647531,"Push Notification",Push,2026-07-01,2026-07-31,6,6,0,6,6,0
29/5/2026,618876829781,"[Welcomepack] Brisbane - 270326 - 310526",100774271415,"Push Notification",Push,2026-07-01,2026-07-31,84,84,23,84,84,1
3/7/2026,630985266681,"[Welcomepack] Adelaide - 010726 - 310826",877871077084,"Push Notification",Push,2026-07-01,2026-07-31,2,2,0,2,2,2
13/6/2026,807426982295,"[Welcomepack] Gold Coast - 010626-300626",866226421673,"Push Notification",Push,2026-07-01,2026-07-31,8,8,0,8,8,0
19/5/2026,279297363653,"au-map style-0427",926503519318,"Push Notification",Push,2026-07-01,2026-07-31,16509,15723,6289,15723,15723,804
19/5/2026,302171854713,"[LV Recall] - Churned - BNE/CBR/GC/SYD - 180526",753674394377,"Push Notification",Push,2026-07-01,2026-07-31,3812,3631,1452,3631,3631,137
10/7/2026,834247928380,"[LV Recall] - Churned - BNE/GC - 060726",251022665899,"Push Notification",Push,2026-07-01,2026-07-31,5176,4932,1971,4932,4932,223
20/7/2026,836390475794,"[Growth] - NTL - 260720",689749340215,"Push Notification",Push,2026-07-01,2026-07-31,259,248,99,248,248,13
14/7/2026,801413384739,"[Re-active] - NTL - 260713",187766684776,"Push Notification",Push,2026-07-01,2026-07-31,390,372,148,372,372,8
5/5/2026,346213051431,"[LV Recall] - Churned - BNE/MEL - 040526",518580492582,"Push Notification",Push,2026-07-01,2026-07-31,2933,2794,1117,2794,2794,118
5/5/2026,664359121376,"[Recall] HV Silent - ALL AU - 040526",929601568618,"Push Notification",Push,2026-07-01,2026-07-31,4381,4173,1669,4173,4173,180
4/6/2026,338585231785,"[Referral Comms] - Post Trip Push - All AU (ex-PER/GC/NTL) - 010426 - 300626",185785203882,"Push Notification",Push,2026-07-01,2026-07-31,10323,9842,3927,9842,9842,276
29/7/2026,603174209621,"[HP Grower Unclear] - SYD - 260727",260079501564,"Push Notification",Push,2026-07-01,2026-07-31,572,546,217,546,546,11
6/8/2026,889606906623,"[Growth] -GC-260803-0809",940043886048,"Push Notification",Push,2026-07-01,2026-07-31,751,716,285,716,716,22
8/7/2026,885776676141,"Email - Verify - National - 20260708_email/push",247530700605,"Push Notification",Push,2026-07-01,2026-07-31,160552,152907,61162,152907,152907,8241
16/6/2026,161719613351,"[Recall] HV Silent - ALL AU - 150626",870991027039,"Push Notification",Push,2026-07-01,2026-07-31,7284,6938,2775,6938,6938,202
8/6/2026,414728413796,"[LV Recall] - Churned - ADL/MEL/PER/SYD - 080626",683533557005,"Push Notification",Push,2026-07-01,2026-07-31,15948,15189,6075,15189,15189,506
8/6/2026,909720952438,"[Reactivation] - Non-PFT - All 080626",707125588505,"Push Notification",Push,2026-07-01,2026-07-31,27320,26021,10407,26021,26021,1006
8/6/2026,624063596216,"[Growth] - ADL - 260608",792023611305,"Push Notification",Push,2026-07-01,2026-07-31,2843,2709,1083,2709,2709,72
8/6/2026,338585231785,"[Referral Comms] - Post Trip Push - All AU (ex-PER/GC/NTL) - 010426 - 300626",185785203882,"Push Notification",Push,2026-07-01,2026-07-31,7880,7517,2997,7517,7517,205
3/7/2026,427513751339,"[HV Recall] - Churned - ADLCBRMELPERSYD- 290626",350348439039,"Push Notification",Push,2026-07-01,2026-07-31,28025,26692,10675,26692,26692,1198
10/6/2026,756448556875,"[Survey] NTL Airport Pick-up - Express + Travel",312229268495,"Push Notification",Push,2026-07-01,2026-07-31,1,1,0,1,1,0
10/6/2026,990880094561,"[Growth] -GC-260609_250614",101127738032,"Push Notification",Push,2026-07-01,2026-07-31,967,922,368,922,922,34
11/5/2026,793366147219,"[Growth] - SYD - 260511",696056481329,"Push Notification",Push,2026-07-01,2026-07-31,5405,5150,2059,5150,5150,145
21/7/2026,846943634446,"[HV Recall] - Churned - BNE/GC/MEL - 200726",435506949776,"Push Notification",Push,2026-07-01,2026-07-31,5619,5352,2140,5352,5352,172
5/6/2026,494416653462,"[Velocity] 4.0 - 260520",372962322169,"Push Notification",Push,2026-07-01,2026-07-31,100,96,38,96,96,12
29/6/2026,819592733359,"[LV Recall] - Churned - ADL/CBR/MEL/PER/SYD- 290626",206241780147,"Push Notification",Push,2026-07-01,2026-07-31,16601,15811,6323,15811,15811,514
29/6/2026,908482922547,"[Re-active] - NTL - 260629",952658265942,"Push Notification",Push,2026-07-01,2026-07-31,483,461,184,461,461,15
13/7/2026,735618825733,"[VIC] - 20260709",635351367380,"Push Notification",Push,2026-07-01,2026-07-31,688,656,262,656,656,38
30/6/2026,923624199448,"[Welcomepack] ROA - 010626 - 300626",580464854996,"Push Notification",Push,2026-07-01,2026-07-31,38,38,5,38,38,0
22/7/2026,505799234357,"[Growth] - BNE - 260720 to 260726",121387163908,"Push Notification",Push,2026-07-01,2026-07-31,8079,7705,3071,7705,7705,232
8/8/2026,605475721206,"[Welcomepack] Newcastle - 010726-310726",703799973184,"Push Notification",Push,2026-07-01,2026-07-31,8,8,0,8,8,1
14/7/2026,910557600010,"[CAN] - 20260710",744364135350,"Push Notification",Push,2026-07-01,2026-07-31,12,12,4,12,12,1
18/6/2026,925298179229,"[Re-active]-BNE-260617 to 260621",171758997934,"Push Notification",Push,2026-07-01,2026-07-31,304,304,101,304,304,10
11/5/2026,715376425407,"[Welcomepack] Gold Coast - 270326 - 310526",515551942648,"Push Notification",Push,2026-07-01,2026-07-31,15,15,1,15,15,2
19/6/2026,721187703616,"[Survey] ADL Airport Pick-up - Express + Travel",888771647531,"Push Notification",Push,2026-07-01,2026-07-31,10,10,0,10,10,3
29/6/2026,350400222221,"[Welcomepack] Canberra - 010626 - 300626",549905978638,"Push Notification",Push,2026-07-01,2026-07-31,9,9,0,9,9,0
9/8/2026,605475721206,"[Welcomepack] Newcastle - 010726-310726",703799973184,"Push Notification",Push,2026-07-01,2026-07-31,9,9,0,9,9,1
15/7/2026,353872672811,"[Welcomepack] Melbourne - 150726 - 310826",149370913516,"Push Notification",Push,2026-07-01,2026-07-31,1,1,0,1,1,0
10/6/2026,767066119293,"[Welcomepack] Sydney - 010626 - 300626",154521234106,"Push Notification",Push,2026-07-01,2026-07-31,4,4,0,4,4,1
6/6/2026,252448794395,"[Comms] YESIKINGSBDAY - ADL/NTL - 260604",867139091458,"Push Notification",Push,2026-07-01,2026-07-31,44348,42237,16894,42237,42237,1990
18/7/2026,672322203074,"[Velocity] - All AU PAX - 260617",606422820267,"Push Notification",Push,2026-07-01,2026-07-31,89,86,33,86,86,12
18/5/2026,738391248556,"[Recall] Silent - NTL - 180526",371257369488,"Push Notification",Push,2026-07-01,2026-07-31,783,746,298,746,746,27
17/5/2026,517618658746,"[Referral Comms] - Post Trip Push - PER/GC/NTL - 010426 - 300626",737810498056,"Push Notification",Push,2026-07-01,2026-07-31,2779,2658,1055,2658,2658,64
4/7/2026,330326033929,"[Survey] ADL Airport Pick-up - Express + Travel",866571435619,"Push Notification",Push,2026-07-01,2026-07-31,8,8,0,8,8,0
10/5/2026,517618658746,"[Referral Comms] - Post Trip Push - PER/GC/NTL - 010426 - 300626",737810498056,"Push Notification",Push,2026-07-01,2026-07-31,2327,2228,880,2228,2228,58
11/8/2026,565978519733,"[CAN] - 20260804",340811054329,"Push Notification",Push,2026-07-01,2026-07-31,8,8,3,8,8,0
5/5/2026,197774104201,"[Welcomepack] Newcastle - 270326-310526",755424614532,"Push Notification",Push,2026-07-01,2026-07-31,2,2,0,2,2,1
14/5/2026,592663234832,"[Welcomepack] Canberra - 270326 - 310526",327297956088,"Push Notification",Push,2026-07-01,2026-07-31,4,4,0,4,4,0
6/5/2026,592663234832,"[Welcomepack] Canberra - 270326 - 310526",327297956088,"Push Notification",Push,2026-07-01,2026-07-31,4,4,0,4,4,0
9/5/2026,197774104201,"[Welcomepack] Newcastle - 270326-310526",755424614532,"Push Notification",Push,2026-07-01,2026-07-31,3,3,0,3,3,1
21/6/2026,807426982295,"[Welcomepack] Gold Coast - 010626-300626",408759776305,"Push Notification",Push,2026-07-01,2026-07-31,18,18,2,18,18,0
4/8/2026,277051823107,"perp机场discount push",375163866828,"Push Notification",Push,2026-07-01,2026-07-31,122,122,40,122,122,11
6/5/2026,618876829781,"[Welcomepack] Brisbane - 270326 - 310526",319600121122,"Push Notification",Push,2026-07-01,2026-07-31,43,43,9,43,43,1
25/6/2026,923624199448,"[Welcomepack] ROA - 010626 - 300626",461809339605,"Push Notification",Push,2026-07-01,2026-07-31,32,32,3,32,32,0
9/6/2026,648028973443,"[Welcomepack] Melbourne - 010626 - 300626",167156319962,"Push Notification",Push,2026-07-01,2026-07-31,2,2,0,2,2,0
16/7/2026,630985266681,"[Welcomepack] Adelaide - 010726 - 310826",142190248868,"Push Notification",Push,2026-07-01,2026-07-31,38,38,5,38,38,2
24/7/2026,745287255910,"[Velocity] Launch - All AU PAX - 260617",524045608284,"Push Notification",Push,2026-07-01,2026-07-31,61217,58302,23320,58302,58302,1657
11/8/2026,362651154771,"mel机场discount push",152027986116,"Push Notification",Push,2026-07-01,2026-07-31,88,88,27,88,88,1
11/8/2026,210227775111,"bri机场discount push",250261157906,"Push Notification",Push,2026-07-01,2026-07-31,56,56,15,56,56,7
30/5/2026,937380599803,"[Welcomepack] Adelaide - 270326 - 310526",993133983077,"Push Notification",Push,2026-07-01,2026-07-31,18,18,1,18,18,2
29/5/2026,585941796532,"[Welcomepack] Perth - 270326-310526",120920194274,"Push Notification",Push,2026-07-01,2026-07-31,42,42,9,42,42,4
16/5/2026,197774104201,"[Welcomepack] Newcastle - 270326-310526",755424614532,"Push Notification",Push,2026-07-01,2026-07-31,2,2,0,2,2,0
19/7/2026,910557600010,"[CAN] - 20260710",429920129356,"Push Notification",Push,2026-07-01,2026-07-31,12,12,4,12,12,0
5/8/2026,190820869202,"[HP Grower Unclear LP] - SYD - 260803",878353273413,"Push Notification",Push,2026-07-01,2026-07-31,15438,14704,5881,14704,14704,475
5/8/2026,727573850142,"[Growth] - ADL - 260803",479881642727,"Push Notification",Push,2026-07-01,2026-07-31,1022,974,389,974,974,16
5/8/2026,760115651527,"[Referral Comms] - Post Trip Push - All AU (ex-PER/GC/NTL) - 010726 - 310826",717863995066,"Push Notification",Push,2026-07-01,2026-07-31,9944,9482,3784,9482,9482,231
12/6/2026,663898704986,"[Comms] Quiet/Offer Reminder - 260605",707311840294,"Push Notification",Push,2026-07-01,2026-07-31,20988,19990,7995,19990,19990,677
4/6/2026,494416653462,"[Velocity] 4.0 - 260520",372962322169,"Push Notification",Push,2026-07-01,2026-07-31,88,84,33,84,84,7
29/7/2026,890292910469,"[Growth] - ADL - 260727",987121861433,"Push Notification",Push,2026-07-01,2026-07-31,2613,2492,996,2492,2492,76
18/6/2026,329076716666,"[Members] Win tickets with DiDi Club",669562709456,"Push Notification",Push,2026-07-01,2026-07-31,750,715,286,715,715,48
18/6/2026,494416653462,"[Velocity] 4.0 - 260520",372962322169,"Push Notification",Push,2026-07-01,2026-07-31,75,72,28,72,72,12
8/6/2026,513111013088,"[Re-active] - ADL - 260608",659466787525,"Push Notification",Push,2026-07-01,2026-07-31,3719,3543,1416,3543,3543,92
1/6/2026,256063118846,"[Re-active] - ADL - 260601",764900543322,"Push Notification",Push,2026-07-01,2026-07-31,3884,3700,1479,3700,3700,123
10/8/2026,869319196913,"[HV Recall] - Churned - MEL/PER/SYD - 100826",235985693097,"Push Notification",Push,2026-07-01,2026-07-31,17111,16297,6518,16297,16297,510
2/7/2026,102801009225,"[_off]BNE_Growth_0622-0628",297542791933,"Push Notification",Push,2026-07-01,2026-07-31,74457,70913,28364,70913,70913,1936
8/8/2026,565978519733,"[CAN] - 20260804",424623959287,"Push Notification",Push,2026-07-01,2026-07-31,6,6,2,6,6,0
21/7/2026,813146371825,"[HP Grower Unclear] - SYD - 260721",517431062937,"Push Notification",Push,2026-07-01,2026-07-31,448,428,170,428,428,7
26/5/2026,491217631579,"State of Origin(Game 1)_QLD",261925992109,"Push Notification",Push,2026-07-01,2026-07-31,95464,90920,36366,90920,90920,3246
29/6/2026,644177678860,"[Recall] HV Silent - ALL AU (excl. BNE/GC) - 290626",777585566912,"Push Notification",Push,2026-07-01,2026-07-31,14439,13752,5500,13752,13752,435
9/6/2026,943231771893,"[Re-active]-BNE-260608 to 260614",221061608029,"Push Notification",Push,2026-07-01,2026-07-31,9706,9250,3693,9250,9250,253
13/7/2026,593397155053,"[Recall] HV Silent - ALL AU - 130726",573420445862,"Push Notification",Push,2026-07-01,2026-07-31,16462,15679,6271,15679,15679,510
13/7/2026,271272201275,"[Reactivation] - Non-PFT - All 130726",733183218403,"Push Notification",Push,2026-07-01,2026-07-31,26637,25370,10146,25370,25370,901
27/7/2026,191822794867,"[Recall] LV Silent - All AU - 270726",797119411277,"Push Notification",Push,2026-07-01,2026-07-31,81823,77927,31170,77927,77927,3081
27/7/2026,360368647489,"[HV Recall] - Churned - BNE/MEL/SYD- 270726",432426842901,"Push Notification",Push,2026-07-01,2026-07-31,18057,17198,6878,17198,17198,554
22/7/2026,672322203074,"[Velocity] - All AU PAX - 260617",606422820267,"Push Notification",Push,2026-07-01,2026-07-31,27,27,9,27,27,3
20/6/2026,341808011018,"[Velocity] Launch - SYD - 260617",254513677285,"Push Notification",Push,2026-07-01,2026-07-31,37998,36189,14475,36189,36189,1050
1/6/2026,138967156533,"[Growth] - ADL - 260601",378220294281,"Push Notification",Push,2026-07-01,2026-07-31,3273,3119,1246,3119,3119,89
28/5/2026,517618658746,"[Referral Comms] - Post Trip Push - PER/GC/NTL - 010426 - 300626",737810498056,"Push Notification",Push,2026-07-01,2026-07-31,3142,3002,1191,3002,3002,78
7/6/2026,990351886391,"[Growth] - NTL - 260605",205540850944,"Push Notification",Push,2026-07-01,2026-07-31,276,263,105,263,263,3
7/6/2026,732567329072,"[Welcomepack] Perth - 010626-300626",367184199375,"Push Notification",Push,2026-07-01,2026-07-31,2,2,0,2,2,0
3/8/2026,362651154771,"mel机场discount push",152027986116,"Push Notification",Push,2026-07-01,2026-07-31,42,42,11,42,42,1
17/6/2026,721187703616,"[Survey] ADL Airport Pick-up - Express + Travel",888771647531,"Push Notification",Push,2026-07-01,2026-07-31,7,7,0,7,7,1
1/6/2026,518885434739,"[Welcomepack] Brisbane - 010626 - 300626",642271915931,"Push Notification",Push,2026-07-01,2026-07-31,4,4,0,4,4,1
31/5/2026,197774104201,"[Welcomepack] Newcastle - 270326-310526",755424614532,"Push Notification",Push,2026-07-01,2026-07-31,12,12,0,12,12,0
22/6/2026,642047889970,"[Recall] HV Silent - MEL - 220626",435948758725,"Push Notification",Push,2026-07-01,2026-07-31,5604,5338,2135,5338,5338,197
18/7/2026,589821655123,"[_off]BNE/GC_Growth_0715-0719",875495469972,"Push Notification",Push,2026-07-01,2026-07-31,48501,46192,18476,46192,46192,1370
20/5/2026,494416653462,"[Velocity] 4.0 - 260520",372962322169,"Push Notification",Push,2026-07-01,2026-07-31,254,242,96,242,242,39
26/6/2026,677670244656,"[Pass Comms] Mod Active - 260624",387420406975,"Push Notification",Push,2026-07-01,2026-07-31,5308,5056,2022,5056,5056,129
26/6/2026,603443085694,"[LV Recall] - Churned - CBR/GC/PER - 220626",855750316799,"Push Notification",Push,2026-07-01,2026-07-31,6753,6433,2572,6433,6433,331
18/5/2026,520852367643,"[Recall] LV Silent - All AU - 180526",335778806934,"Push Notification",Push,2026-07-01,2026-07-31,47900,45620,18246,45620,45620,1534
13/5/2026,961125907052,"[Re-active]-BNE-260511 to 260517",149953178800,"Push Notification",Push,2026-07-01,2026-07-31,429,427,150,427,427,20
31/7/2026,605475721206,"[Welcomepack] Newcastle - 010726-310726",703799973184,"Push Notification",Push,2026-07-01,2026-07-31,6,6,0,6,6,0
3/8/2026,207268638879,"Ade机场discount push",656910201176,"Push Notification",Push,2026-07-01,2026-07-31,10,10,1,10,10,0
3/7/2026,355313617638,"[Survey] NTL Airport Pick-up - Express + Travel",447664464027,"Push Notification",Push,2026-07-01,2026-07-31,2,2,0,2,2,0
17/5/2026,721543876442,"[Welcomepack] Melbourne - 270326 - 310526",227934045924,"Push Notification",Push,2026-07-01,2026-07-31,127,127,33,127,127,14
27/5/2026,592663234832,"[Welcomepack] Canberra - 270326 - 310526",327297956088,"Push Notification",Push,2026-07-01,2026-07-31,8,8,1,8,8,1
26/6/2026,963218787153,"[Welcomepack] Newcastle - 010626-300626",477723670383,"Push Notification",Push,2026-07-01,2026-07-31,2,2,0,2,2,1
7/8/2026,207268638879,"Ade机场discount push",656910201176,"Push Notification",Push,2026-07-01,2026-07-31,18,18,0,18,18,0
14/7/2026,605475721206,"[Welcomepack] Newcastle - 010726-310726",602875187001,"Push Notification",Push,2026-07-01,2026-07-31,10,10,0,10,10,1
19/7/2026,379358154481,"[Welcomepack] Canberra - 010726 - 310826",703609969914,"Push Notification",Push,2026-07-01,2026-07-31,1,1,0,1,1,0
15/7/2026,605475721206,"[Welcomepack] Newcastle - 010726-310726",602875187001,"Push Notification",Push,2026-07-01,2026-07-31,10,10,0,10,10,0
7/8/2026,605475721206,"[Welcomepack] Newcastle - 010726-310726",985981316987,"Push Notification",Push,2026-07-01,2026-07-31,2,2,0,2,2,0
30/5/2026,234232076159,"[Growth] - SYD - 260529",771192926944,"Push Notification",Push,2026-07-01,2026-07-31,8234,7842,3136,7842,7842,271
30/5/2026,197774104201,"[Welcomepack] Newcastle - 270326-310526",755424614532,"Push Notification",Push,2026-07-01,2026-07-31,7,7,0,7,7,1
29/5/2026,205197355729,"[HV Recall] - Churned - All AU - 290526",709367223053,"Push Notification",Push,2026-07-01,2026-07-31,34594,32948,13177,32948,32948,1317
29/5/2026,646903955467,"[HV Recall] - Silent - All AU - 290526",540993142509,"Push Notification",Push,2026-07-01,2026-07-31,29824,28405,11361,28405,28405,1269
29/5/2026,338585231785,"[Referral Comms] - Post Trip Push - All AU (ex-PER/GC/NTL) - 010426 - 300626",185785203882,"Push Notification",Push,2026-07-01,2026-07-31,11985,11425,4562,11425,11425,343
30/5/2026,592663234832,"[Welcomepack] Canberra - 270326 - 310526",327297956088,"Push Notification",Push,2026-07-01,2026-07-31,1,1,0,1,1,0
23/6/2026,494416653462,"[Velocity] 4.0 - 260520",372962322169,"Push Notification",Push,2026-07-01,2026-07-31,6,6,2,6,6,0
30/7/2026,379358154481,"[Welcomepack] Canberra - 010726 - 310826",702288233284,"Push Notification",Push,2026-07-01,2026-07-31,4,4,0,4,4,0
19/5/2026,715376425407,"[Welcomepack] Gold Coast - 270326 - 310526",515551942648,"Push Notification",Push,2026-07-01,2026-07-31,17,17,2,17,17,2
24/7/2026,353872672811,"[Welcomepack] Melbourne - 150726 - 310826",754251145649,"Push Notification",Push,2026-07-01,2026-07-31,12,12,1,12,12,0
25/6/2026,350400222221,"[Welcomepack] Canberra - 010626 - 300626",696549317890,"Push Notification",Push,2026-07-01,2026-07-31,3,3,0,3,3,0
30/7/2026,467298157113,"[Welcomepack] Gold Coast - 010726-310826",205081732131,"Push Notification",Push,2026-07-01,2026-07-31,21,21,2,21,21,2
19/6/2026,310623193017,"[HV Recall] - Churned - BNE/CBR/PER/ROA - 150626",986388084452,"Push Notification",Push,2026-07-01,2026-07-31,10178,9696,3876,9696,9696,463
10/7/2026,885776676141,"Email - Verify - National - 20260708_email/push",340068561329,"Push Notification",Push,2026-07-01,2026-07-31,142536,135751,54300,135751,135751,6626
10/7/2026,458260306736,"SORELOSER ADL",236356429631,"Push Notification",Push,2026-07-01,2026-07-31,40442,38517,15406,38517,38517,1117
20/7/2026,672322203074,"[Velocity] - All AU PAX - 260617",960822163822,"Push Notification",Push,2026-07-01,2026-07-31,23,23,8,23,23,6
6/7/2026,843866182014,"[HV Recall] - Churned - BNE/GC - 060726",483477260022,"Push Notification",Push,2026-07-01,2026-07-31,3046,2902,1160,2902,2902,80
24/6/2026,645041019046,"World Cup -Australia v Paraguay - National - 20260623",456915433440,"Push Notification",Push,2026-07-01,2026-07-31,346304,329815,131924,329815,329815,13741
3/7/2026,309454039256,"[Comms] Quiet/Offer Reminder - 260702",666700393880,"Push Notification",Push,2026-07-01,2026-07-31,84782,80746,32296,80746,80746,3256
10/8/2026,643209149697,"[HP Grower Unclear No Demand] - SYD - 260810",806588608856,"Push Notification",Push,2026-07-01,2026-07-31,9506,9054,3621,9054,9054,285
8/7/2026,741753840511,"[Welcomepack] Sydney - 010726 - 310826",594053298646,"Push Notification",Push,2026-07-01,2026-07-31,2,2,0,2,2,0
17/6/2026,494416653462,"[Velocity] 4.0 - 260520",372962322169,"Push Notification",Push,2026-07-01,2026-07-31,69,66,26,66,66,13
3/8/2026,853853003149,"[HV Recall] - Churned - MEL/SYD - 030826",607417766891,"Push Notification",Push,2026-07-01,2026-07-31,13953,13290,5315,13290,13290,420
11/5/2026,517618658746,"[Referral Comms] - Post Trip Push - PER/GC/NTL - 010426 - 300626",737810498056,"Push Notification",Push,2026-07-01,2026-07-31,2386,2284,903,2284,2284,52
11/5/2026,879064138436,"[LV Recall] - Churned - CBR/GC/SYD- 110526",489951487279,"Push Notification",Push,2026-07-01,2026-07-31,5809,5535,2212,5535,5535,195
22/7/2026,881101851048,"[VIC] - 20260720",313855821941,"Push Notification",Push,2026-07-01,2026-07-31,512,488,195,488,488,11
17/7/2026,326651181738,"L&F_Recovery_Survey_Target_au",144692732189,"Push Notification",Push,2026-07-01,2026-07-31,76,73,29,73,73,9
21/7/2026,586169105601,"[HP Pred. Drop HC] - SYD - 260713",402743319043,"Push Notification",Push,2026-07-01,2026-07-31,511,488,195,488,488,9
5/6/2026,283137522020,"[LV Recall] - Churned - BNE/SYD- 010626",851249545792,"Push Notification",Push,2026-07-01,2026-07-31,10243,9757,3902,9757,9757,578
9/6/2026,663898704986,"[Comms] Quiet/Offer Reminder - 260605",624204990388,"Push Notification",Push,2026-07-01,2026-07-31,23032,21936,8774,21936,21936,781
4/8/2026,889606906623,"[Growth] -GC-260803-0809",115165782002,"Push Notification",Push,2026-07-01,2026-07-31,644,614,245,614,614,29
9/8/2026,413965021772,"[VIC] - 20260804",361409594724,"Push Notification",Push,2026-07-01,2026-07-31,448,427,170,427,427,18
9/7/2026,396237798717,"[Welcomepack] Melbourne - 010726 - 310826",144858441707,"Push Notification",Push,2026-07-01,2026-07-31,1,1,0,1,1,0
27/7/2026,781973046677,"[CAN] - 20260720",177265766460,"Push Notification",Push,2026-07-01,2026-07-31,8,8,3,8,8,0
15/5/2026,291716437774,"[HV Recall] - Churned - CBR/GC/SYD/ROA - 110526",563592978639,"Push Notification",Push,2026-07-01,2026-07-31,9524,9074,3627,9074,9074,628
23/5/2026,585941796532,"[Welcomepack] Perth - 270326-310526",120920194274,"Push Notification",Push,2026-07-01,2026-07-31,59,59,12,59,59,2
16/6/2026,721187703616,"[Survey] ADL Airport Pick-up - Express + Travel",888771647531,"Push Notification",Push,2026-07-01,2026-07-31,9,9,0,9,9,2
20/7/2026,353872672811,"[Welcomepack] Melbourne - 150726 - 310826",149370913516,"Push Notification",Push,2026-07-01,2026-07-31,2,2,0,2,2,0
24/5/2026,197774104201,"[Welcomepack] Newcastle - 270326-310526",755424614532,"Push Notification",Push,2026-07-01,2026-07-31,4,4,0,4,4,0
2/6/2026,839385022104,"[HV Recall] - Churned - ADL/CBR/GC/MEL/PER- 010626",620748527939,"Push Notification",Push,2026-07-01,2026-07-31,7051,6716,2686,6716,6716,226
28/7/2026,605475721206,"[Welcomepack] Newcastle - 010726-310726",703799973184,"Push Notification",Push,2026-07-01,2026-07-31,4,4,0,4,4,0
7/8/2026,924670470579,"SORELOSER CAN",329616605323,"Push Notification",Push,2026-07-01,2026-07-31,7612,7250,2899,7250,7250,216
22/6/2026,320367962393,"[Travel_NonPFT] MEL_0622-0628",685550395764,"Push Notification",Push,2026-07-01,2026-07-31,12373,11784,4713,11784,11784,333
20/5/2026,450151303605,"[Re-active] - GC - 260518-260524",802925207794,"Push Notification",Push,2026-07-01,2026-07-31,1316,1254,501,1254,1254,57
7/7/2026,736859191903,"[HV Recall] - Churned - ADL/CBR/MEL/PER/SYD - 060726",862112136965,"Push Notification",Push,2026-07-01,2026-07-31,9749,9285,3714,9285,9285,317
7/7/2026,497744970167,"[FIFA WC] EG Winners - 260622",366762523648,"Push Notification",Push,2026-07-01,2026-07-31,6547,6236,2494,6236,6236,1573
26/6/2026,379536140882,"[HV Recall] - Churned - BNE/SYD - 220626",859253041591,"Push Notification",Push,2026-07-01,2026-07-31,7563,7205,2881,7205,7205,315
6/5/2026,270035528173,"[Growth] - SYD - 260506",808928621101,"Push Notification",Push,2026-07-01,2026-07-31,2133,2032,812,2032,2032,97
12/8/2026,207268638879,"Ade机场discount push",656910201176,"Push Notification",Push,2026-07-01,2026-07-31,13,13,2,13,13,1
11/8/2026,494882965765,"[Velocity] Launch - ADL PAX - 260617",732930291819,"Push Notification",Push,2026-07-01,2026-07-31,11440,10897,4357,10897,10897,286
11/5/2026,592663234832,"[Welcomepack] Canberra - 270326 - 310526",327297956088,"Push Notification",Push,2026-07-01,2026-07-31,4,4,0,4,4,0
12/8/2026,379358154481,"[Welcomepack] Canberra - 010726 - 310826",174672073487,"Push Notification",Push,2026-07-01,2026-07-31,5,5,0,5,5,0
5/5/2026,592663234832,"[Welcomepack] Canberra - 270326 - 310526",327297956088,"Push Notification",Push,2026-07-01,2026-07-31,4,4,0,4,4,0
28/6/2026,963218787153,"[Welcomepack] Newcastle - 010626-300626",788719113997,"Push Notification",Push,2026-07-01,2026-07-31,9,9,0,9,9,0
11/6/2026,518885434739,"[Welcomepack] Brisbane - 010626 - 300626",553051629363,"Push Notification",Push,2026-07-01,2026-07-31,4,4,0,4,4,1
5/5/2026,507936100291,"[Recall] LV Silent - All AU - 040526",671375433629,"Push Notification",Push,2026-07-01,2026-07-31,26748,25475,10190,25475,25475,1243
6/5/2026,197774104201,"[Welcomepack] Newcastle - 270326-310526",755424614532,"Push Notification",Push,2026-07-01,2026-07-31,11,11,0,11,11,4
1/7/2026,939608967791,"[Welcomepack] Adelaide - 010626 - 300626",854628660238,"Push Notification",Push,2026-07-01,2026-07-31,2,2,0,2,2,0
7/5/2026,197774104201,"[Welcomepack] Newcastle - 270326-310526",755424614532,"Push Notification",Push,2026-07-01,2026-07-31,3,3,0,3,3,0
22/6/2026,807426982295,"[Welcomepack] Gold Coast - 010626-300626",408759776305,"Push Notification",Push,2026-07-01,2026-07-31,11,11,0,11,11,0
10/7/2026,910557600010,"[CAN] - 20260710",558502259524,"Push Notification",Push,2026-07-01,2026-07-31,13,13,5,13,13,2
8/5/2026,188201346953,"[Re-active] - NTL - 260504",744042571469,"Push Notification",Push,2026-07-01,2026-07-31,476,455,181,455,455,15
8/5/2026,855417391620,"[HV Recall] - Churned - ADL/CBR/GC/PER/SYD/ROA - 040526",371535542268,"Push Notification",Push,2026-07-01,2026-07-31,16881,16078,6430,16078,16078,933
20/7/2026,781761409000,"[LV Recall] - Churned - ADL/CBR/PER/SYD - 200726",180519655849,"Push Notification",Push,2026-07-01,2026-07-31,9768,9304,3720,9304,9304,351
12/6/2026,414728413796,"[LV Recall] - Churned - ADL/MEL/PER/SYD - 080626",473141449712,"Push Notification",Push,2026-07-01,2026-07-31,19768,18828,7530,18828,18828,1048
12/6/2026,652332529690,"[LV Recall] - Churned - BNE/CBR/GC - 080626",282065795046,"Push Notification",Push,2026-07-01,2026-07-31,3671,3498,1398,3498,3498,190
4/8/2026,182000852518,"[LV Recall] - Churned - ADL/CBR/GC/MEL- 030826",626638863841,"Push Notification",Push,2026-07-01,2026-07-31,3848,3665,1466,3665,3665,115
12/5/2026,291716437774,"[HV Recall] - Churned - CBR/GC/SYD/ROA - 110526",717709756779,"Push Notification",Push,2026-07-01,2026-07-31,3148,2999,1199,2999,2999,141
30/7/2026,781973046677,"[CAN] - 20260720",586232972658,"Push Notification",Push,2026-07-01,2026-07-31,7,7,2,7,7,0
1/6/2026,167594521104,"[Re-active] - SYD - 260601",228944508036,"Push Notification",Push,2026-07-01,2026-07-31,10311,9821,3928,9821,9821,276
10/8/2026,230890828240,"[Reactivation] - Non-PFT - NTL 100826",643496973489,"Push Notification",Push,2026-07-01,2026-07-31,252,240,96,240,240,12
17/6/2026,206275238713,"SOO - MEL - push - 20260617",360901586738,"Push Notification",Push,2026-07-01,2026-07-31,254477,242360,96943,242360,242360,8177
3/8/2026,323987491291,"[HV Recall] - Churned - ADL/CBR/GC - 030826",599120879326,"Push Notification",Push,2026-07-01,2026-07-31,2162,2060,823,2060,2060,76
3/8/2026,203394039708,"[Growth] - BNE - 260803-0809",668486381252,"Push Notification",Push,2026-07-01,2026-07-31,6595,6282,2512,6282,6282,172
21/7/2026,745287255910,"[Velocity] Launch - All AU PAX - 260617",434100265138,"Push Notification",Push,2026-07-01,2026-07-31,58248,55475,22190,55475,55475,1566
29/6/2026,664314258382,"[Travel_NonPFT] PER_0629-0705",735077623358,"Push Notification",Push,2026-07-01,2026-07-31,9638,9181,3672,9181,9181,259
29/6/2026,551366288213,"[Recall] Silent - NTL - 290626",365761949934,"Push Notification",Push,2026-07-01,2026-07-31,900,858,343,858,858,33
9/8/2026,760115651527,"[Referral Comms] - Post Trip Push - All AU (ex-PER/GC/NTL) - 010726 - 310826",717863995066,"Push Notification",Push,2026-07-01,2026-07-31,10770,10267,4093,10267,10267,296
12/5/2026,592663234832,"[Welcomepack] Canberra - 270326 - 310526",327297956088,"Push Notification",Push,2026-07-01,2026-07-31,2,2,0,2,2,0
12/5/2026,197774104201,"[Welcomepack] Newcastle - 270326-310526",755424614532,"Push Notification",Push,2026-07-01,2026-07-31,4,4,0,4,4,0
27/5/2026,492849533227,"[Travel_NonPFT] Top6_0525_0531",199925909675,"Push Notification",Push,2026-07-01,2026-07-31,23209,22104,8841,22104,22104,678
8/8/2026,277051823107,"perp机场discount push",375163866828,"Push Notification",Push,2026-07-01,2026-07-31,56,56,14,56,56,3
12/5/2026,879064138436,"[LV Recall] - Churned - CBR/GC/SYD- 110526",480804692170,"Push Notification",Push,2026-07-01,2026-07-31,2861,2725,1090,2725,2725,97
12/5/2026,713531652464,"[LV Recall] - Churned - ADL/BNE/MEL/PER - 110526",601782334976,"Push Notification",Push,2026-07-01,2026-07-31,6223,5927,2370,5927,5927,209
12/5/2026,359456843403,"[Recall] HV Silent - ALL AU - 110526",434168140586,"Push Notification",Push,2026-07-01,2026-07-31,6995,6662,2664,6662,6662,292
1/7/2026,616963242193,"[Travel_NonPFT] SYD_0701",523848535293,"Push Notification",Push,2026-07-01,2026-07-31,9724,9264,3702,9264,9264,290
25/7/2026,781973046677,"[CAN] - 20260720",766972649634,"Push Notification",Push,2026-07-01,2026-07-31,9,9,3,9,9,0
14/5/2026,949183804064,"au-map style-0427",884084028237,"Push Notification",Push,2026-07-01,2026-07-31,18142,17279,6911,17279,17279,791
19/6/2026,963218787153,"[Welcomepack] Newcastle - 010626-300626",134356329848,"Push Notification",Push,2026-07-01,2026-07-31,3,3,0,3,3,0
15/5/2026,517618658746,"[Referral Comms] - Post Trip Push - PER/GC/NTL - 010426 - 300626",737810498056,"Push Notification",Push,2026-07-01,2026-07-31,3926,3748,1486,3748,3748,105
23/5/2026,197774104201,"[Welcomepack] Newcastle - 270326-310526",755424614532,"Push Notification",Push,2026-07-01,2026-07-31,5,5,0,5,5,0
6/6/2026,494416653462,"[Velocity] 4.0 - 260520",372962322169,"Push Notification",Push,2026-07-01,2026-07-31,105,100,40,100,100,20
7/8/2026,326651181738,"L&F_Recovery_Survey_Target_au",144692732189,"Push Notification",Push,2026-07-01,2026-07-31,131,125,50,125,125,14
20/5/2026,471978781595,"[Travel_NonPFT] Top6_0518_0524",147241186503,"Push Notification",Push,2026-07-01,2026-07-31,23157,22055,8822,22055,22055,761
17/5/2026,380424287799,"[Churning] - ADL - 260517",867713681975,"Push Notification",Push,2026-07-01,2026-07-31,1796,1711,684,1711,1711,52
18/5/2026,847753919756,"[HV Recall] - Churned - BNE/CBR/GC/SYD - 180526",990006484016,"Push Notification",Push,2026-07-01,2026-07-31,7853,7480,2991,7480,7480,283
18/5/2026,907638669065,"[Velocity] 4.0 - 260518",332599098823,"Push Notification",Push,2026-07-01,2026-07-31,69,66,26,66,66,13
11/8/2026,663701385723,"[LV Recall] - Churned - ADL/CBR/GC - 100826",664652898583,"Push Notification",Push,2026-07-01,2026-07-31,1116,1063,425,1063,1063,39
18/5/2026,302171854713,"[LV Recall] - Churned - BNE/CBR/GC/SYD - 180526",852879832218,"Push Notification",Push,2026-07-01,2026-07-31,7879,7505,3001,7505,7505,254
18/5/2026,901850740731,"[Velocity] Launch - SYD - 260518",238459475042,"Push Notification",Push,2026-07-01,2026-07-31,43874,41786,16714,41786,41786,1334
4/7/2026,648364805553,"[Welcomepack] Perth - 010726-310826",469860803149,"Push Notification",Push,2026-07-01,2026-07-31,2,2,0,2,2,1
19/5/2026,887002909338,"[LV Recall] - Churned - ADL/PER/MEL - 180526",290497082496,"Push Notification",Push,2026-07-01,2026-07-31,5883,5603,2241,5603,5603,226
20/5/2026,762114918421,"[Test] Savings Comms",495236455736,"Push Notification",Push,2026-07-01,2026-07-31,2,2,0,2,2,2
20/5/2026,618876829781,"[Welcomepack] Brisbane - 270326 - 310526",100774271415,"Push Notification",Push,2026-07-01,2026-07-31,59,59,13,59,59,2
20/5/2026,291990152547,"[Growth] - SYD - 260518",677477474984,"Push Notification",Push,2026-07-01,2026-07-31,5744,5471,2187,5471,5471,163
23/6/2026,263622519169,"[Recall] HV Silent - ALL AU (excl. MEL) - 220626",798195023245,"Push Notification",Push,2026-07-01,2026-07-31,6358,6056,2422,6056,6056,167
11/8/2026,207268638879,"Ade机场discount push",656910201176,"Push Notification",Push,2026-07-01,2026-07-31,13,13,2,13,13,0
22/5/2026,976285269008,"[QLD] - GC_W21",165970200991,"Push Notification",Push,2026-07-01,2026-07-31,5762,5489,2194,5489,5489,183
22/5/2026,847753919756,"[HV Recall] - Churned - BNE/CBR/GC/SYD - 180526",720707217787,"Push Notification",Push,2026-07-01,2026-07-31,11494,10948,4379,10948,10948,658
11/6/2026,767066119293,"[Welcomepack] Sydney - 010626 - 300626",794919558033,"Push Notification",Push,2026-07-01,2026-07-31,6,6,0,6,6,0
19/6/2026,228389201953,"[LV Recall] - Churned - ADL/GC/MEL/SYD- 150626",929280839193,"Push Notification",Push,2026-07-01,2026-07-31,16220,15449,6178,15449,15449,759
19/6/2026,473011441595,"[Re-active] - SYD - 260615",286576085410,"Push Notification",Push,2026-07-01,2026-07-31,8539,8133,3253,8133,8133,201
24/5/2026,517618658746,"[Referral Comms] - Post Trip Push - PER/GC/NTL - 010426 - 300626",737810498056,"Push Notification",Push,2026-07-01,2026-07-31,2706,2586,1027,2586,2586,65
12/6/2026,990880094561,"[Growth] -GC-260609_250614",154414878441,"Push Notification",Push,2026-07-01,2026-07-31,808,771,307,771,771,19
12/6/2026,137012920175,"[Re-active] - GC - 260609-260614",785077961872,"Push Notification",Push,2026-07-01,2026-07-31,217,207,82,207,207,11
29/7/2026,616269256421,"[HP Iden. Drop LC] - SYD - 260727",415547054155,"Push Notification",Push,2026-07-01,2026-07-31,79,77,29,77,77,4
18/6/2026,863151917551,"World Cup - Australia v USA - National - 20260617",893643546434,"Push Notification",Push,2026-07-01,2026-07-31,224728,214028,85611,214028,214028,8635
26/5/2026,592663234832,"[Welcomepack] Canberra - 270326 - 310526",658271373860,"Push Notification",Push,2026-07-01,2026-07-31,3,3,0,3,3,0
30/6/2026,860393823146,"[Recall] LV Silent - All AU (excl. BNE/GC) - 290626",824407090435,"Push Notification",Push,2026-07-01,2026-07-31,36767,35017,14006,35017,35017,1105
30/6/2026,652794595480,"[Re-active] - GC - 260629-260705",470324141123,"Push Notification",Push,2026-07-01,2026-07-31,1118,1066,425,1066,1066,32
10/8/2026,383104759549,"[HP Grower Unclear LP] - SYD - 260810",626747166552,"Push Notification",Push,2026-07-01,2026-07-31,13100,12477,4990,12477,12477,273
10/8/2026,846449186529,"[Growth] - ADL - 260810",839773036810,"Push Notification",Push,2026-07-01,2026-07-31,2373,2261,903,2261,2261,76
22/7/2026,891585995859,"[HP Grower Unclear No Demand] - SYD - 260721",266877543406,"Push Notification",Push,2026-07-01,2026-07-31,9131,8697,3478,8697,8697,252
22/7/2026,650523617430,"[Re-active] - GC - 260720-260726",349712580651,"Push Notification",Push,2026-07-01,2026-07-31,1700,1620,647,1620,1620,55
17/7/2026,717275109756,"[HV Recall] - Churned - ALL AU- 130726",336383911278,"Push Notification",Push,2026-07-01,2026-07-31,32990,31421,12567,31421,31421,1361
21/7/2026,326651181738,"L&F_Recovery_Survey_Target_au",144692732189,"Push Notification",Push,2026-07-01,2026-07-31,131,125,50,125,125,23
21/7/2026,660893780486,"[HP Iden. Drop HC] - SYD - 260721",854590911746,"Push Notification",Push,2026-07-01,2026-07-31,208,199,79,199,199,7
9/6/2026,889201276151,"[Re-active] - NTL - 260608",215511049491,"Push Notification",Push,2026-07-01,2026-07-31,504,481,192,481,481,18
13/7/2026,682906794603,"[Growth] - SYD - 260713",624113249809,"Push Notification",Push,2026-07-01,2026-07-31,6459,6152,2460,6152,6152,178
28/5/2026,592663234832,"[Welcomepack] Canberra - 270326 - 310526",327297956088,"Push Notification",Push,2026-07-01,2026-07-31,5,5,0,5,5,0
27/7/2026,890292910469,"[Growth] - ADL - 260727",828979019561,"Push Notification",Push,2026-07-01,2026-07-31,2536,2416,966,2416,2416,76
29/5/2026,592663234832,"[Welcomepack] Canberra - 270326 - 310526",327297956088,"Push Notification",Push,2026-07-01,2026-07-31,3,3,0,3,3,0
29/5/2026,494416653462,"[Velocity] 4.0 - 260520",372962322169,"Push Notification",Push,2026-07-01,2026-07-31,73,70,28,70,70,11
30/5/2026,225760839510,"[Re-active] - NTL - 260529",466316338114,"Push Notification",Push,2026-07-01,2026-07-31,512,489,195,489,489,20
31/5/2026,715376425407,"[Welcomepack] Gold Coast - 270326 - 310526",515551942648,"Push Notification",Push,2026-07-01,2026-07-31,15,15,1,15,15,2
1/6/2026,585941796532,"[Welcomepack] Perth - 270326-310526",120920194274,"Push Notification",Push,2026-07-01,2026-07-31,3,3,0,3,3,0
1/6/2026,339387801810,"[HV Recall] - Churned - BNE/SYD/ROA - 010626",743831399998,"Push Notification",Push,2026-07-01,2026-07-31,7061,6726,2689,6726,6726,255
2/6/2026,767066119293,"[Welcomepack] Sydney - 010626 - 300626",190383282756,"Push Notification",Push,2026-07-01,2026-07-31,4,4,1,4,4,1
15/6/2026,656129969041,"[Re-active] - ADL - 260615",873537540766,"Push Notification",Push,2026-07-01,2026-07-31,3748,3570,1427,3570,3570,92
22/6/2026,822937841366,"[Re-active] - SYD - 260622",369704077349,"Push Notification",Push,2026-07-01,2026-07-31,9767,9303,3720,9303,9303,205
3/6/2026,494416653462,"[Velocity] 4.0 - 260520",372962322169,"Push Notification",Push,2026-07-01,2026-07-31,89,85,34,85,85,13
3/6/2026,648028973443,"[Welcomepack] Melbourne - 010626 - 300626",425107809257,"Push Notification",Push,2026-07-01,2026-07-31,1,1,0,1,1,0
3/6/2026,414969641734,"[Growth] -GC-260601_250607",155212946813,"Push Notification",Push,2026-07-01,2026-07-31,942,898,358,898,898,44
7/7/2026,834247928380,"[LV Recall] - Churned - BNE/GC - 060726",437972057891,"Push Notification",Push,2026-07-01,2026-07-31,1433,1365,546,1365,1365,41
11/8/2026,488130280159,"EKKA BNE",370819530955,"Push Notification",Push,2026-07-01,2026-07-31,81157,77293,30917,77293,77293,2419
11/8/2026,486326911647,"[LV Recall] - Churned - MEL/PER/SYD - 100826",987361131900,"Push Notification",Push,2026-07-01,2026-07-31,7589,7228,2891,7228,7228,220
11/8/2026,326651181738,"L&F_Recovery_Survey_Target_au",144692732189,"Push Notification",Push,2026-07-01,2026-07-31,169,161,64,161,161,32
5/6/2026,923624199448,"[Welcomepack] ROA - 010626 - 300626",745087390080,"Push Notification",Push,2026-07-01,2026-07-31,1,1,0,1,1,0
5/6/2026,939608967791,"[Welcomepack] Adelaide - 010626 - 300626",887297881733,"Push Notification",Push,2026-07-01,2026-07-31,1,1,0,1,1,0
25/7/2026,605475721206,"[Welcomepack] Newcastle - 010726-310726",703799973184,"Push Notification",Push,2026-07-01,2026-07-31,4,4,0,4,4,0
5/6/2026,990351886391,"[Growth] - NTL - 260605",992645424543,"Push Notification",Push,2026-07-01,2026-07-31,289,276,110,276,276,13
5/6/2026,167594521104,"[Re-active] - SYD - 260601",727753329167,"Push Notification",Push,2026-07-01,2026-07-31,9353,8909,3563,8909,8909,283
5/6/2026,146302457933,"YESIKINGSBDAY - MEL - 2026 - Push - Email",768553746073,"Push Notification",Push,2026-07-01,2026-07-31,281969,268543,107417,268543,268543,10686
26/6/2026,350400222221,"[Welcomepack] Canberra - 010626 - 300626",213253888428,"Push Notification",Push,2026-07-01,2026-07-31,4,4,0,4,4,0
6/6/2026,350400222221,"[Welcomepack] Canberra - 010626 - 300626",598141355264,"Push Notification",Push,2026-07-01,2026-07-31,1,1,0,1,1,0
6/6/2026,648028973443,"[Welcomepack] Melbourne - 010626 - 300626",167156319962,"Push Notification",Push,2026-07-01,2026-07-31,1,1,0,1,1,0
28/7/2026,630985266681,"[Welcomepack] Adelaide - 010726 - 310826",346225872989,"Push Notification",Push,2026-07-01,2026-07-31,40,40,8,40,40,6
7/6/2026,518885434739,"[Welcomepack] Brisbane - 010626 - 300626",642271915931,"Push Notification",Push,2026-07-01,2026-07-31,1,1,0,1,1,0
7/6/2026,517618658746,"[Referral Comms] - Post Trip Push - PER/GC/NTL - 010426 - 300626",737810498056,"Push Notification",Push,2026-07-01,2026-07-31,2715,2595,1029,2595,2595,65
8/6/2026,648028973443,"[Welcomepack] Melbourne - 010626 - 300626",425107809257,"Push Notification",Push,2026-07-01,2026-07-31,3,3,0,3,3,0
8/6/2026,737667592310,"[Reactivation] - Non-PFT - NTL 080626",623109823133,"Push Notification",Push,2026-07-01,2026-07-31,271,259,103,259,259,18
8/6/2026,517618658746,"[Referral Comms] - Post Trip Push - PER/GC/NTL - 010426 - 300626",737810498056,"Push Notification",Push,2026-07-01,2026-07-31,2447,2342,926,2342,2342,65
8/6/2026,350434037432,"[Recall] LV Silent - All AU - 080626",455294845470,"Push Notification",Push,2026-07-01,2026-07-31,57247,54522,21808,54522,54522,1795
9/6/2026,721187703616,"[Survey] ADL Airport Pick-up - Express + Travel",888771647531,"Push Notification",Push,2026-07-01,2026-07-31,6,6,0,6,6,0
9/6/2026,494416653462,"[Velocity] 4.0 - 260520",372962322169,"Push Notification",Push,2026-07-01,2026-07-31,81,78,31,78,78,15
9/6/2026,652332529690,"[LV Recall] - Churned - BNE/CBR/GC - 080626",165388384556,"Push Notification",Push,2026-07-01,2026-07-31,1332,1269,507,1269,1269,48
9/6/2026,338585231785,"[Referral Comms] - Post Trip Push - All AU (ex-PER/GC/NTL) - 010426 - 300626",185785203882,"Push Notification",Push,2026-07-01,2026-07-31,9072,8650,3452,8650,8650,250
14/6/2026,137012920175,"[Re-active] - GC - 260609-260614",239283602160,"Push Notification",Push,2026-07-01,2026-07-31,1108,1056,422,1056,1056,42
10/6/2026,721187703616,"[Survey] ADL Airport Pick-up - Express + Travel",888771647531,"Push Notification",Push,2026-07-01,2026-07-31,6,6,0,6,6,0
10/6/2026,624063596216,"[Growth] - ADL - 260608",736717850250,"Push Notification",Push,2026-07-01,2026-07-31,2704,2576,1029,2576,2576,63
12/6/2026,643093219905,"[Travel_NonPFT] Top6_0608_0614_V2",598878993682,"Push Notification",Push,2026-07-01,2026-07-31,10067,9589,3835,9589,9589,246
20/7/2026,299016521211,"[Recall] HV Silent - ALL AU - 200726",947769218231,"Push Notification",Push,2026-07-01,2026-07-31,17098,16285,6513,16285,16285,521
5/8/2026,958233537855,"[Velocity] 4.0 - 260520",508735131101,"Push Notification",Push,2026-07-01,2026-07-31,30,29,11,29,29,2
5/8/2026,326651181738,"L&F_Recovery_Survey_Target_au",144692732189,"Push Notification",Push,2026-07-01,2026-07-31,103,99,39,99,99,13
4/8/2026,993759782201,"[Recall] LV Silent - All AU (excl. Syd) - 030826",713682945553,"Push Notification",Push,2026-07-01,2026-07-31,25447,24236,9693,24236,24236,636
16/6/2026,494416653462,"[Velocity] 4.0 - 260520",372962322169,"Push Notification",Push,2026-07-01,2026-07-31,93,89,35,89,89,16
13/6/2026,494416653462,"[Velocity] 4.0 - 260520",372962322169,"Push Notification",Push,2026-07-01,2026-07-31,84,80,32,80,80,8
16/7/2026,910557600010,"[CAN] - 20260710",358187977123,"Push Notification",Push,2026-07-01,2026-07-31,13,13,5,13,13,0
30/6/2026,211791095902,"[LV Recall] - Churned - BNE/GC- 290626",636902822147,"Push Notification",Push,2026-07-01,2026-07-31,1481,1411,564,1411,1411,29
14/6/2026,338585231785,"[Referral Comms] - Post Trip Push - All AU (ex-PER/GC/NTL) - 010426 - 300626",185785203882,"Push Notification",Push,2026-07-01,2026-07-31,10469,9981,3983,9981,9981,309
15/6/2026,756448556875,"[Survey] NTL Airport Pick-up - Express + Travel",312229268495,"Push Notification",Push,2026-07-01,2026-07-31,1,1,0,1,1,1
28/7/2026,358258135863,"[LV Recall] - Churned - ADL/CBR/GC/PER - 270726",653478933666,"Push Notification",Push,2026-07-01,2026-07-31,2452,2336,934,2336,2336,81
27/7/2026,881101851048,"[VIC] - 20260720",459050108546,"Push Notification",Push,2026-07-01,2026-07-31,450,429,171,429,429,13
15/6/2026,501340340881,"[FIFA WC] Turkiye Losers - 260615",251586484311,"Push Notification",Push,2026-07-01,2026-07-31,6402,6098,2439,6098,6098,1153
15/6/2026,818079635398,"[HV Recall] - Churned - ADL/GC/MEL/SYD- 180626",331719430801,"Push Notification",Push,2026-07-01,2026-07-31,11990,11420,4567,11420,11420,378
12/7/2026,740716308217,"[Referral Comms] - Post Trip Push - PER/GC/NTL - 010726 - 310726",987569903347,"Push Notification",Push,2026-07-01,2026-07-31,2663,2546,1010,2546,2546,76
15/6/2026,228389201953,"[LV Recall] - Churned - ADL/GC/MEL/SYD- 150626",500603701314,"Push Notification",Push,2026-07-01,2026-07-31,11162,10631,4252,10631,10631,315
16/6/2026,831502419927,"[LV Recall] - Churned - BNE/CBR/PER- 150626",555009548057,"Push Notification",Push,2026-07-01,2026-07-31,2630,2505,1002,2505,2505,61
17/6/2026,211872796972,"[Comms] State of Origin G2 - NSW",275847714475,"Push Notification",Push,2026-07-01,2026-07-31,111204,105909,42363,105909,105909,3705
26/7/2026,781973046677,"[CAN] - 20260720",476003150545,"Push Notification",Push,2026-07-01,2026-07-31,10,10,4,10,10,1
7/8/2026,465597841012,"[Re-active] - ADL - 26070803",865110378944,"Push Notification",Push,2026-07-01,2026-07-31,2509,2391,955,2391,2391,67
22/6/2026,133829687866,"[HV Recall] - Churned - CBR/GC/PER/ROA - 220626",802861009144,"Push Notification",Push,2026-07-01,2026-07-31,5618,5351,2140,5351,5351,164
22/6/2026,805549673052,"[Growth] - ADL - 260622",123785570604,"Push Notification",Push,2026-07-01,2026-07-31,1761,1678,671,1678,1678,48
7/7/2026,349629642309,"[Recall] HV Silent - ALL AU - 060726",663464926380,"Push Notification",Push,2026-07-01,2026-07-31,13298,12666,5065,12666,12666,451
7/7/2026,909400590255,"T+3 Unpaid Trip Voucher Experiment - 0707",943780523679,"Push Notification",Push,2026-07-01,2026-07-31,843,803,321,803,803,33
19/6/2026,344363963847,"[_off]BNE_Growth_0616-0621",754505538979,"Push Notification",Push,2026-07-01,2026-07-31,6806,6482,2592,6482,6482,189
20/6/2026,632066249563,"Email - Verify - National - 20260618",262035656497,"Push Notification",Push,2026-07-01,2026-07-31,156796,149330,59731,149330,149330,9071
25/6/2026,963218787153,"[Welcomepack] Newcastle - 010626-300626",134356329848,"Push Notification",Push,2026-07-01,2026-07-31,3,3,0,3,3,0
22/6/2026,697627905278,"[Re-active] - NTL - 260622",919229781048,"Push Notification",Push,2026-07-01,2026-07-31,438,418,167,418,418,9
22/6/2026,349699083367,"[Recall] Silent - NTL - 220626",789153079884,"Push Notification",Push,2026-07-01,2026-07-31,893,851,340,851,851,23
11/8/2026,605475721206,"[Welcomepack] Newcastle - 010726-310726",703799973184,"Push Notification",Push,2026-07-01,2026-07-31,5,5,0,5,5,0
23/6/2026,350400222221,"[Welcomepack] Canberra - 010626 - 300626",549905978638,"Push Notification",Push,2026-07-01,2026-07-31,1,1,0,1,1,0
23/6/2026,329398088460,"[Growth] - NTL - 260615",326044658997,"Push Notification",Push,2026-07-01,2026-07-31,147,141,56,141,141,3
29/7/2026,431365169463,"[HP Iden. Drop HC] - SYD - 260727",546280898754,"Push Notification",Push,2026-07-01,2026-07-31,184,177,69,177,177,5
6/8/2026,853853003149,"[HV Recall] - Churned - MEL/SYD - 030826",790511986531,"Push Notification",Push,2026-07-01,2026-07-31,7849,7476,2990,7476,7476,323
8/7/2026,288050384157,"State of Origin(Game 3)_QLD",189893000459,"Push Notification",Push,2026-07-01,2026-07-31,9766,9301,3720,9301,9301,250
24/6/2026,805549673052,"[Growth] - ADL - 260622",800439124172,"Push Notification",Push,2026-07-01,2026-07-31,1595,1520,608,1520,1520,43
10/8/2026,565978519733,"[CAN] - 20260804",530587376314,"Push Notification",Push,2026-07-01,2026-07-31,7,7,2,7,7,1
17/7/2026,709066089537,"[Re-active] - ADL - 260713",900214312390,"Push Notification",Push,2026-07-01,2026-07-31,3630,3458,1383,3458,3458,92
9/7/2026,885776676141,"Email - Verify - National - 20260708_email/push",542784809071,"Push Notification",Push,2026-07-01,2026-07-31,220300,209811,83923,209811,209811,10740
27/7/2026,761314780517,"[HP Grower Unclear LP] - SYD - 260727",366118975034,"Push Notification",Push,2026-07-01,2026-07-31,12562,11965,4785,11965,11965,305
27/7/2026,603174209621,"[HP Grower Unclear] - SYD - 260727",853749293107,"Push Notification",Push,2026-07-01,2026-07-31,523,499,199,499,499,12
16/7/2026,672322203074,"[Velocity] - All AU PAX - 260617",375727185949,"Push Notification",Push,2026-07-01,2026-07-31,1,1,0,1,1,1
4/8/2026,632893532775,"[Growth] - NTL - 260803",517312974202,"Push Notification",Push,2026-07-01,2026-07-31,115,110,44,110,110,3
19/7/2026,981527024761,"[Welcomepack] Brisbane - 150726 - 310826",758619601497,"Push Notification",Push,2026-07-01,2026-07-31,5,5,1,5,5,2
27/6/2026,350400222221,"[Welcomepack] Canberra - 010626 - 300626",213253888428,"Push Notification",Push,2026-07-01,2026-07-31,3,3,0,3,3,0
28/7/2026,379358154481,"[Welcomepack] Canberra - 010726 - 310826",702288233284,"Push Notification",Push,2026-07-01,2026-07-31,1,1,0,1,1,0
28/6/2026,557709994940,"Email - Verify - National - 20260626",887048760231,"Push Notification",Push,2026-07-01,2026-07-31,156265,148825,59529,148825,148825,8677
29/6/2026,963218787153,"[Welcomepack] Newcastle - 010626-300626",134356329848,"Push Notification",Push,2026-07-01,2026-07-31,2,2,0,2,2,0
12/8/2026,326651181738,"L&F_Recovery_Survey_Target_au",144692732189,"Push Notification",Push,2026-07-01,2026-07-31,106,101,40,101,101,21
29/6/2026,794023131449,"[HV Recall] - Churned - BNE/GC- 290626",512190290027,"Push Notification",Push,2026-07-01,2026-07-31,5160,4915,1965,4915,4915,126
29/6/2026,866417197659,"[Growth] - SYD - 260629",369550775487,"Push Notification",Push,2026-07-01,2026-07-31,8079,7696,3077,7696,7696,217
29/6/2026,427513751339,"[HV Recall] - Churned - ADLCBRMELPERSYD- 290626",389879704866,"Push Notification",Push,2026-07-01,2026-07-31,31815,30301,12119,30301,30301,987
1/7/2026,923624199448,"[Welcomepack] ROA - 010626 - 300626",707936619179,"Push Notification",Push,2026-07-01,2026-07-31,1,1,0,1,1,0
10/7/2026,741753840511,"[Welcomepack] Sydney - 010726 - 310826",536486578542,"Push Notification",Push,2026-07-01,2026-07-31,1,1,0,1,1,1
3/7/2026,794023131449,"[HV Recall] - Churned - BNE/GC- 290626",174394509009,"Push Notification",Push,2026-07-01,2026-07-31,4811,4583,1832,4583,4583,173
3/7/2026,760115651527,"[Referral Comms] - Post Trip Push - All AU (ex-PER/GC/NTL) - 010726 - 310826",717863995066,"Push Notification",Push,2026-07-01,2026-07-31,14130,13469,5378,13469,13469,370
11/7/2026,648364805553,"[Welcomepack] Perth - 010726-310826",305238340703,"Push Notification",Push,2026-07-01,2026-07-31,1,1,0,1,1,0
23/7/2026,586169105601,"[HP Pred. Drop HC] - SYD - 260713",891775013751,"Push Notification",Push,2026-07-01,2026-07-31,563,537,214,537,537,15
23/7/2026,379358154481,"[Welcomepack] Canberra - 010726 - 310826",746007025436,"Push Notification",Push,2026-07-01,2026-07-31,1,1,0,1,1,0
6/7/2026,288754105149,"[Welcomepack] ROA - 010726 - 310826",200969318070,"Push Notification",Push,2026-07-01,2026-07-31,1,1,0,1,1,0
6/7/2026,740716308217,"[Referral Comms] - Post Trip Push - PER/GC/NTL - 010726 - 310726",987569903347,"Push Notification",Push,2026-07-01,2026-07-31,2037,1952,774,1952,1952,60
6/7/2026,349629642309,"[Recall] HV Silent - ALL AU - 060726",502466710142,"Push Notification",Push,2026-07-01,2026-07-31,13518,12875,5149,12875,12875,499
10/7/2026,381063779815,"SORELOSER MEL",782703683327,"Push Notification",Push,2026-07-01,2026-07-31,277503,264289,105715,264289,264289,7961
6/7/2026,736859191903,"[HV Recall] - Churned - ADL/CBR/MEL/PER/SYD - 060726",857836743591,"Push Notification",Push,2026-07-01,2026-07-31,18835,17939,7175,17939,17939,576
20/7/2026,364822867217,"[Reactivation] - Non-PFT - NTL 200726",359574562025,"Push Notification",Push,2026-07-01,2026-07-31,260,248,99,248,248,8
7/7/2026,912831326866,"[Growth] - NTL - 260706",830123236294,"Push Notification",Push,2026-07-01,2026-07-31,203,194,77,194,194,3
3/8/2026,529845574700,"[HV Recall] - Churned - BNE/PER - 030826",868435869816,"Push Notification",Push,2026-07-01,2026-07-31,6279,5981,2392,5981,5981,206
3/8/2026,689945254367,"[Re-active]-BNE-260803-0809",983020817469,"Push Notification",Push,2026-07-01,2026-07-31,6746,6426,2569,6426,6426,132
22/7/2026,303088736356,"[HP Grower Unclear New] - SYD - 260721",149003588473,"Push Notification",Push,2026-07-01,2026-07-31,4558,4342,1736,4342,4342,109
22/7/2026,431729163425,"[Growth] - ADL - 260720",190312210152,"Push Notification",Push,2026-07-01,2026-07-31,2408,2295,917,2295,2295,65
3/8/2026,632893532775,"[Growth] - NTL - 260803",241987842927,"Push Notification",Push,2026-07-01,2026-07-31,137,131,52,131,131,3
4/8/2026,554535469421,"[Re-active] - NTL - 260803",737193836690,"Push Notification",Push,2026-07-01,2026-07-31,229,219,87,219,219,8
21/7/2026,353872672811,"[Welcomepack] Melbourne - 150726 - 310826",149370913516,"Push Notification",Push,2026-07-01,2026-07-31,2,2,0,2,2,0
11/7/2026,379358154481,"[Welcomepack] Canberra - 010726 - 310826",174672073487,"Push Notification",Push,2026-07-01,2026-07-31,1,1,0,1,1,0
3/8/2026,272665430217,"gc机场discount push",271381881303,"Push Notification",Push,2026-07-01,2026-07-31,3,3,0,3,3,0
18/7/2026,735618825733,"[VIC] - 20260709",580749983398,"Push Notification",Push,2026-07-01,2026-07-31,714,680,272,680,680,32
15/7/2026,504671064721,"[Comms] School Holiday - NSW/ADL",869156759707,"Push Notification",Push,2026-07-01,2026-07-31,123961,118060,47222,118060,118060,3241
15/7/2026,745287255910,"[Velocity] Launch - All AU PAX - 260617",761075500121,"Push Notification",Push,2026-07-01,2026-07-31,56315,53634,21453,53634,53634,1418
15/7/2026,590650297996,"SORELOSER PER/GEE",719026622675,"Push Notification",Push,2026-07-01,2026-07-31,58145,55377,22150,55377,55377,1531
16/7/2026,740716308217,"[Referral Comms] - Post Trip Push - PER/GC/NTL - 010726 - 310726",987569903347,"Push Notification",Push,2026-07-01,2026-07-31,3297,3150,1251,3150,3150,80
11/8/2026,173082444314,"[HV Recall] - Churned - ADL/BNE/CBR/GC- 100826",400660056915,"Push Notification",Push,2026-07-01,2026-07-31,2126,2025,810,2025,2025,54
17/7/2026,605475721206,"[Welcomepack] Newcastle - 010726-310726",703799973184,"Push Notification",Push,2026-07-01,2026-07-31,5,5,0,5,5,0
17/7/2026,981527024761,"[Welcomepack] Brisbane - 150726 - 310826",758619601497,"Push Notification",Push,2026-07-01,2026-07-31,3,3,0,3,3,1
17/7/2026,745287255910,"[Velocity] Launch - All AU PAX - 260617",178834988497,"Push Notification",Push,2026-07-01,2026-07-31,59926,57073,22829,57073,57073,1584
18/7/2026,981527024761,"[Welcomepack] Brisbane - 150726 - 310826",117734753772,"Push Notification",Push,2026-07-01,2026-07-31,1,1,0,1,1,0
18/7/2026,910557600010,"[CAN] - 20260710",166993764335,"Push Notification",Push,2026-07-01,2026-07-31,15,15,6,15,15,2
18/7/2026,630985266681,"[Welcomepack] Adelaide - 010726 - 310826",346225872989,"Push Notification",Push,2026-07-01,2026-07-31,26,26,2,26,26,1
19/7/2026,735618825733,"[VIC] - 20260709",680713758233,"Push Notification",Push,2026-07-01,2026-07-31,659,628,251,628,628,29
23/7/2026,660893780486,"[HP Iden. Drop HC] - SYD - 260721",939289028749,"Push Notification",Push,2026-07-01,2026-07-31,229,219,87,219,219,6
22/7/2026,745287255910,"[Velocity] Launch - All AU PAX - 260617",506297677479,"Push Notification",Push,2026-07-01,2026-07-31,60644,57757,23102,57757,57757,1614
4/8/2026,994325786498,"[LV Recall] - Churned - SYD - 030826",836913814090,"Push Notification",Push,2026-07-01,2026-07-31,2447,2331,932,2331,2331,59
4/8/2026,529845574700,"[HV Recall] - Churned - BNE/PER - 030826",479087001628,"Push Notification",Push,2026-07-01,2026-07-31,2495,2377,950,2377,2377,68
30/7/2026,881101851048,"[VIC] - 20260720",680512359155,"Push Notification",Push,2026-07-01,2026-07-31,538,513,205,513,513,12
24/7/2026,303088736356,"[HP Grower Unclear New] - SYD - 260721",380412299048,"Push Notification",Push,2026-07-01,2026-07-31,4845,4615,1846,4615,4615,147
27/7/2026,444491744050,"[HV Recall] - Churned - ADL/CBR/GC/PER - 270726",153858770871,"Push Notification",Push,2026-07-01,2026-07-31,6235,5939,2375,5939,5939,199
26/7/2026,379358154481,"[Welcomepack] Canberra - 010726 - 310826",702288233284,"Push Notification",Push,2026-07-01,2026-07-31,1,1,0,1,1,0
26/7/2026,326651181738,"L&F_Recovery_Survey_Target_au",144692732189,"Push Notification",Push,2026-07-01,2026-07-31,113,108,43,108,108,16
26/7/2026,745287255910,"[Velocity] Launch - All AU PAX - 260617",810238470965,"Push Notification",Push,2026-07-01,2026-07-31,60956,58054,23221,58054,58054,1576
8/8/2026,272665430217,"gc机场discount push",271381881303,"Push Notification",Push,2026-07-01,2026-07-31,9,9,0,9,9,0
27/7/2026,553834274152,"[Reactivation] - Non-PFT - NTL 270726",754264604412,"Push Notification",Push,2026-07-01,2026-07-31,250,239,95,239,239,6
7/8/2026,958233537855,"[Velocity] 4.0 - 260520",508735131101,"Push Notification",Push,2026-07-01,2026-07-31,411,392,156,392,392,69
29/7/2026,849929190337,"[HP Pred. Drop HC] - SYD - 260727",786400839667,"Push Notification",Push,2026-07-01,2026-07-31,315,301,119,301,301,12
30/7/2026,740716308217,"[Referral Comms] - Post Trip Push - PER/GC/NTL - 010726 - 310726",987569903347,"Push Notification",Push,2026-07-01,2026-07-31,3276,3131,1245,3131,3131,71
8/8/2026,958233537855,"[Velocity] 4.0 - 260520",508735131101,"Push Notification",Push,2026-07-01,2026-07-31,114,109,43,109,109,18
4/8/2026,611359051355,"[Recall] HV Silent - ALL AU (ex-SYD) - 0308726",360983087672,"Push Notification",Push,2026-07-01,2026-07-31,6209,5914,2365,5914,5914,162
4/8/2026,740716308217,"[Referral Comms] - Post Trip Push - PER/GC/NTL - 010726 - 310726",987569903347,"Push Notification",Push,2026-07-01,2026-07-31,2576,2465,977,2465,2465,71
5/8/2026,210227775111,"bri机场discount push",250261157906,"Push Notification",Push,2026-07-01,2026-07-31,67,67,18,67,67,2
7/8/2026,994325786498,"[LV Recall] - Churned - SYD - 030826",875361785627,"Push Notification",Push,2026-07-01,2026-07-31,10214,9729,3890,9729,9729,492
29/6/2026,677703046444,"[Travel_NonPFT] MEL_0629-0705",130681210457,"Push Notification",Push,2026-07-01,2026-07-31,16871,16068,6427,16068,16068,409
20/6/2026,494416653462,"[Velocity] 4.0 - 260520",372962322169,"Push Notification",Push,2026-07-01,2026-07-31,145,139,55,139,139,25
12/7/2026,910557600010,"[CAN] - 20260710",937405850100,"Push Notification",Push,2026-07-01,2026-07-31,12,12,4,12,12,1
6/7/2026,741753840511,"[Welcomepack] Sydney - 010726 - 310826",594053298646,"Push Notification",Push,2026-07-01,2026-07-31,1,1,0,1,1,0
1/8/2026,326651181738,"L&F_Recovery_Survey_Target_au",144692732189,"Push Notification",Push,2026-07-01,2026-07-31,85,81,32,81,81,15
11/8/2026,958233537855,"[Velocity] 4.0 - 260520",508735131101,"Push Notification",Push,2026-07-01,2026-07-31,121,116,46,116,116,8
26/6/2026,133829687866,"[HV Recall] - Churned - CBR/GC/PER/ROA - 220626",330217524784,"Push Notification",Push,2026-07-01,2026-07-31,8076,7692,3076,7692,7692,369
17/5/2026,592663234832,"[Welcomepack] Canberra - 270326 - 310526",658271373860,"Push Notification",Push,2026-07-01,2026-07-31,3,3,0,3,3,0
6/6/2026,732567329072,"[Welcomepack] Perth - 010626-300626",367184199375,"Push Notification",Push,2026-07-01,2026-07-31,2,2,0,2,2,0
17/7/2026,353872672811,"[Welcomepack] Melbourne - 150726 - 310826",666244286120,"Push Notification",Push,2026-07-01,2026-07-31,3,3,1,3,3,0
31/7/2026,379358154481,"[Welcomepack] Canberra - 010726 - 310826",945779548228,"Push Notification",Push,2026-07-01,2026-07-31,7,7,0,7,7,0
6/7/2026,467298157113,"[Welcomepack] Gold Coast - 010726-310826",553437141391,"Push Notification",Push,2026-07-01,2026-07-31,1,1,0,1,1,1
24/7/2026,142459223471,"[Growth] -GC-260720-250726",955612643735,"Push Notification",Push,2026-07-01,2026-07-31,1251,1192,476,1192,1192,27
23/6/2026,603443085694,"[LV Recall] - Churned - CBR/GC/PER - 220626",282988812564,"Push Notification",Push,2026-07-01,2026-07-31,1953,1860,744,1860,1860,71
11/6/2026,494416653462,"[Velocity] 4.0 - 260520",372962322169,"Push Notification",Push,2026-07-01,2026-07-31,71,68,27,68,68,7
29/5/2026,849433338167,"[Re-active] - ADL - 260525",191835131323,"Push Notification",Push,2026-07-01,2026-07-31,3824,3643,1457,3643,3643,140
20/7/2026,379358154481,"[Welcomepack] Canberra - 010726 - 310826",733730389916,"Push Notification",Push,2026-07-01,2026-07-31,1,1,0,1,1,0
21/7/2026,467298157113,"[Welcomepack] Gold Coast - 010726-310826",722834781425,"Push Notification",Push,2026-07-01,2026-07-31,4,4,0,4,4,0
2/6/2026,923624199448,"[Welcomepack] ROA - 010626 - 300626",745087390080,"Push Notification",Push,2026-07-01,2026-07-31,2,2,0,2,2,0
1/7/2026,288754105149,"[Welcomepack] ROA - 010726 - 310826",758404748052,"Push Notification",Push,2026-07-01,2026-07-31,1,1,0,1,1,0
16/5/2026,592663234832,"[Welcomepack] Canberra - 270326 - 310526",327297956088,"Push Notification",Push,2026-07-01,2026-07-31,5,5,0,5,5,1
12/6/2026,963218787153,"[Welcomepack] Newcastle - 010626-300626",134356329848,"Push Notification",Push,2026-07-01,2026-07-31,3,3,0,3,3,0
25/6/2026,355313617638,"[Survey] NTL Airport Pick-up - Express + Travel",447664464027,"Push Notification",Push,2026-07-01,2026-07-31,2,2,0,2,2,0
14/6/2026,350400222221,"[Welcomepack] Canberra - 010626 - 300626",696549317890,"Push Notification",Push,2026-07-01,2026-07-31,1,1,0,1,1,0
7/7/2026,741753840511,"[Welcomepack] Sydney - 010726 - 310826",594053298646,"Push Notification",Push,2026-07-01,2026-07-31,2,2,0,2,2,0
4/8/2026,418149669420,"[Recall] HV Silent - Sydney 030826",611029114909,"Push Notification",Push,2026-07-01,2026-07-31,1796,1711,684,1711,1711,52
16/7/2026,735618825733,"[VIC] - 20260709",513173817660,"Push Notification",Push,2026-07-01,2026-07-31,677,645,258,645,645,31
8/7/2026,980432870985,"[Travel_NonPFT] BNE_0708",375438435741,"Push Notification",Push,2026-07-01,2026-07-31,5835,5558,2223,5558,5558,138
27/7/2026,616269256421,"[HP Iden. Drop LC] - SYD - 260727",336919957881,"Push Notification",Push,2026-07-01,2026-07-31,78,75,30,75,75,3
10/8/2026,627228656077,"[Re-active] - NTL - 260810",917894329669,"Push Notification",Push,2026-07-01,2026-07-31,441,421,167,421,421,10
11/5/2026,800216365485,"[Growth] - NTL - 260511",725680750680,"Push Notification",Push,2026-07-01,2026-07-31,232,222,86,222,222,6
28/7/2026,360368647489,"[HV Recall] - Churned - BNE/MEL/SYD- 270726",755506518830,"Push Notification",Push,2026-07-01,2026-07-31,8456,8054,3221,8054,8054,264
28/7/2026,781973046677,"[CAN] - 20260720",238777221427,"Push Notification",Push,2026-07-01,2026-07-31,10,10,4,10,10,0
1/7/2026,740716308217,"[Referral Comms] - Post Trip Push - PER/GC/NTL - 010726 - 310726",987569903347,"Push Notification",Push,2026-07-01,2026-07-31,3293,3139,1251,3139,3139,84
4/8/2026,272665430217,"gc机场discount push",271381881303,"Push Notification",Push,2026-07-01,2026-07-31,7,7,0,7,7,0
21/7/2026,781973046677,"[CAN] - 20260720",277073726442,"Push Notification",Push,2026-07-01,2026-07-31,2,2,0,2,2,0
12/8/2026,413965021772,"[VIC] - 20260804",263409244747,"Push Notification",Push,2026-07-01,2026-07-31,452,431,172,431,431,19
3/7/2026,564884905186,"[Welcomepack] Brisbane - 010726 - 310826",948302357642,"Push Notification",Push,2026-07-01,2026-07-31,1,1,0,1,1,0
21/6/2026,756448556875,"[Survey] NTL Airport Pick-up - Express + Travel",312229268495,"Push Notification",Push,2026-07-01,2026-07-31,2,2,0,2,2,0
8/6/2026,732567329072,"[Welcomepack] Perth - 010626-300626",367184199375,"Push Notification",Push,2026-07-01,2026-07-31,1,1,0,1,1,0
24/7/2026,305463311624,"[HP Grower Unclear LP] - SYD - 260721",961808913572,"Push Notification",Push,2026-07-01,2026-07-31,13181,12554,5021,12554,12554,382
13/7/2026,801413384739,"[Re-active] - NTL - 260713",523758915382,"Push Notification",Push,2026-07-01,2026-07-31,397,379,150,379,379,9
13/7/2026,918524661972,"[Reactivation] - Non-PFT - NTL 130726",485268709172,"Push Notification",Push,2026-07-01,2026-07-31,269,257,102,257,257,14
5/8/2026,434005629940,"[HP Grower Unclear No Demand] - SYD - 260803",435043927486,"Push Notification",Push,2026-07-01,2026-07-31,14256,13578,5430,13578,13578,610
17/7/2026,735618825733,"[VIC] - 20260709",157118714472,"Push Notification",Push,2026-07-01,2026-07-31,712,679,271,679,679,21
9/7/2026,736859191903,"[HV Recall] - Churned - ADL/CBR/MEL/PER/SYD - 060726",711584481230,"Push Notification",Push,2026-07-01,2026-07-31,9748,9284,3713,9284,9284,459
9/7/2026,843866182014,"[HV Recall] - Churned - BNE/GC - 060726",907922275207,"Push Notification",Push,2026-07-01,2026-07-31,1710,1629,651,1629,1629,72
16/6/2026,818079635398,"[HV Recall] - Churned - ADL/GC/MEL/SYD- 180626",406460811428,"Push Notification",Push,2026-07-01,2026-07-31,5226,4978,1991,4978,4978,136
8/6/2026,342693573107,"[HV Recall] - Churned - ADL/MEL/PER/SYD - 080626",979277964869,"Push Notification",Push,2026-07-01,2026-07-31,17879,17029,6811,17029,17029,565
31/7/2026,326651181738,"L&F_Recovery_Survey_Target_au",144692732189,"Push Notification",Push,2026-07-01,2026-07-31,69,66,26,66,66,6
5/5/2026,215030086846,"[LV Recall] - Churned - ADL/CBR/GC/PER/SYD - 040526",555467142112,"Push Notification",Push,2026-07-01,2026-07-31,3249,3095,1238,3095,3095,148
15/6/2026,473011441595,"[Re-active] - SYD - 260615",292977011140,"Push Notification",Push,2026-07-01,2026-07-31,9728,9265,3705,9265,9265,260
24/7/2026,326651181738,"L&F_Recovery_Survey_Target_au",144692732189,"Push Notification",Push,2026-07-01,2026-07-31,103,99,39,99,99,15
3/7/2026,396237798717,"[Welcomepack] Melbourne - 010726 - 310826",198381941222,"Push Notification",Push,2026-07-01,2026-07-31,1,1,0,1,1,0
8/7/2026,648364805553,"[Welcomepack] Perth - 010726-310826",469860803149,"Push Notification",Push,2026-07-01,2026-07-31,1,1,0,1,1,0
19/6/2026,494416653462,"[Velocity] 4.0 - 260520",372962322169,"Push Notification",Push,2026-07-01,2026-07-31,200,191,76,191,191,45
19/5/2026,592663234832,"[Welcomepack] Canberra - 270326 - 310526",327297956088,"Push Notification",Push,2026-07-01,2026-07-31,3,3,0,3,3,0
28/7/2026,444491744050,"[HV Recall] - Churned - ADL/CBR/GC/PER - 270726",478988119382,"Push Notification",Push,2026-07-01,2026-07-31,2739,2609,1043,2609,2609,104
9/6/2026,342693573107,"[HV Recall] - Churned - ADL/MEL/PER/SYD - 080626",485058442471,"Push Notification",Push,2026-07-01,2026-07-31,8381,7982,3192,7982,7982,261
25/7/2026,326651181738,"L&F_Recovery_Survey_Target_au",144692732189,"Push Notification",Push,2026-07-01,2026-07-31,111,106,42,106,106,18
5/5/2026,855417391620,"[HV Recall] - Churned - ADL/CBR/GC/PER/SYD/ROA - 040526",388883111651,"Push Notification",Push,2026-07-01,2026-07-31,3803,3622,1448,3622,3622,195
30/6/2026,963218787153,"[Welcomepack] Newcastle - 010626-300626",134356329848,"Push Notification",Push,2026-07-01,2026-07-31,6,6,0,6,6,0
9/7/2026,741753840511,"[Welcomepack] Sydney - 010726 - 310826",817215854835,"Push Notification",Push,2026-07-01,2026-07-31,2,2,0,2,2,0
22/6/2026,137715116990,"[Reactivation] - Non-PFT - NTL 220626",905417157783,"Push Notification",Push,2026-07-01,2026-07-31,261,249,99,249,249,13
26/6/2026,885208007285,"[Pass Comms] High Active - 260624",175669891819,"Push Notification",Push,2026-07-01,2026-07-31,1356,1292,516,1292,1292,38
18/5/2026,157783244249,"[Re-active] - SYD - 260518",964648589472,"Push Notification",Push,2026-07-01,2026-07-31,10468,9970,3988,9970,9970,258
12/6/2026,721187703616,"[Survey] ADL Airport Pick-up - Express + Travel",888771647531,"Push Notification",Push,2026-07-01,2026-07-31,8,8,0,8,8,1
1/6/2026,648028973443,"[Welcomepack] Melbourne - 010626 - 300626",425107809257,"Push Notification",Push,2026-07-01,2026-07-31,3,3,0,3,3,1
26/6/2026,355313617638,"[Survey] NTL Airport Pick-up - Express + Travel",447664464027,"Push Notification",Push,2026-07-01,2026-07-31,1,1,0,1,1,0
23/7/2026,326651181738,"L&F_Recovery_Survey_Target_au",144692732189,"Push Notification",Push,2026-07-01,2026-07-31,86,82,32,82,82,8
5/6/2026,648028973443,"[Welcomepack] Melbourne - 010626 - 300626",425107809257,"Push Notification",Push,2026-07-01,2026-07-31,1,1,0,1,1,0
10/7/2026,735618825733,"[VIC] - 20260709",570791574940,"Push Notification",Push,2026-07-01,2026-07-31,745,710,284,710,710,43
20/7/2026,328410041191,"[Recall] Silent - NTL - 200726",656921669343,"Push Notification",Push,2026-07-01,2026-07-31,885,843,337,843,843,30
30/6/2026,819592733359,"[LV Recall] - Churned - ADL/CBR/MEL/PER/SYD- 290626",151276430710,"Push Notification",Push,2026-07-01,2026-07-31,8016,7635,3054,7635,7635,238
10/8/2026,958233537855,"[Velocity] 4.0 - 260520",508735131101,"Push Notification",Push,2026-07-01,2026-07-31,73,70,28,70,70,12
1/6/2026,283137522020,"[LV Recall] - Churned - BNE/SYD- 010626",637098401176,"Push Notification",Push,2026-07-01,2026-07-31,7107,6769,2706,6769,6769,260
10/8/2026,734058095339,"[Growth] - NTL - 260810",960441319688,"Push Notification",Push,2026-07-01,2026-07-31,306,292,116,292,292,4
3/8/2026,994325786498,"[LV Recall] - Churned - SYD - 030826",279586927819,"Push Notification",Push,2026-07-01,2026-07-31,5683,5413,2164,5413,5413,153
28/7/2026,745287255910,"[Velocity] Launch - All AU PAX - 260617",118686432522,"Push Notification",Push,2026-07-01,2026-07-31,60106,57244,22897,57244,57244,1625
6/8/2026,565978519733,"[CAN] - 20260804",233617899292,"Push Notification",Push,2026-07-01,2026-07-31,6,6,2,6,6,0
12/8/2026,958233537855,"[Velocity] 4.0 - 260520",508735131101,"Push Notification",Push,2026-07-01,2026-07-31,88,84,33,84,84,11
1/6/2026,939608967791,"[Welcomepack] Adelaide - 010626 - 300626",887297881733,"Push Notification",Push,2026-07-01,2026-07-31,1,1,0,1,1,0
23/6/2026,642047889970,"[Recall] HV Silent - MEL - 220626",833122502840,"Push Notification",Push,2026-07-01,2026-07-31,3354,3195,1278,3195,3195,109
11/7/2026,910557600010,"[CAN] - 20260710",477973035511,"Push Notification",Push,2026-07-01,2026-07-31,15,15,6,15,15,2
12/7/2026,605475721206,"[Welcomepack] Newcastle - 010726-310726",703799973184,"Push Notification",Push,2026-07-01,2026-07-31,1,1,0,1,1,0
19/7/2026,745287255910,"[Velocity] Launch - All AU PAX - 260617",417049513191,"Push Notification",Push,2026-07-01,2026-07-31,59446,56616,22646,56616,56616,1524
19/5/2026,847753919756,"[HV Recall] - Churned - BNE/CBR/GC/SYD - 180526",368847223673,"Push Notification",Push,2026-07-01,2026-07-31,3688,3513,1405,3513,3513,119
27/7/2026,460598934068,"[Recall] Silent - NTL - 270726",931018345852,"Push Notification",Push,2026-07-01,2026-07-31,960,915,366,915,915,31
15/7/2026,735618825733,"[VIC] - 20260709",582215813717,"Push Notification",Push,2026-07-01,2026-07-31,662,631,252,631,631,29
25/5/2026,494416653462,"[Velocity] 4.0 - 260520",372962322169,"Push Notification",Push,2026-07-01,2026-07-31,87,83,33,83,83,11
30/7/2026,326651181738,"L&F_Recovery_Survey_Target_au",144692732189,"Push Notification",Push,2026-07-01,2026-07-31,105,100,40,100,100,21
25/6/2026,885208007285,"[Pass Comms] High Active - 260624",959482736762,"Push Notification",Push,2026-07-01,2026-07-31,1233,1175,470,1175,1175,35
3/8/2026,651710794232,"[Recall] Silent - NTL - 030826",773031945248,"Push Notification",Push,2026-07-01,2026-07-31,913,870,348,870,870,28
17/7/2026,910557600010,"[CAN] - 20260710",749430820721,"Push Notification",Push,2026-07-01,2026-07-31,14,14,5,14,14,1
9/8/2026,326651181738,"L&F_Recovery_Survey_Target_au",144692732189,"Push Notification",Push,2026-07-01,2026-07-31,129,123,49,123,123,18
9/8/2026,565978519733,"[CAN] - 20260804",170340913345,"Push Notification",Push,2026-07-01,2026-07-31,10,10,4,10,10,0
15/7/2026,910557600010,"[CAN] - 20260710",142338455227,"Push Notification",Push,2026-07-01,2026-07-31,9,9,3,9,9,0
29/7/2026,781973046677,"[CAN] - 20260720",461836262797,"Push Notification",Push,2026-07-01,2026-07-31,4,4,1,4,4,0
7/7/2026,500587524117,"[Re-active] - NTL - 260706",318217213137,"Push Notification",Push,2026-07-01,2026-07-31,525,501,199,501,501,22
21/5/2026,494416653462,"[Velocity] 4.0 - 260520",372962322169,"Push Notification",Push,2026-07-01,2026-07-31,255,243,97,243,243,37
7/7/2026,396237798717,"[Welcomepack] Melbourne - 010726 - 310826",198381941222,"Push Notification",Push,2026-07-01,2026-07-31,2,2,0,2,2,1
8/8/2026,413965021772,"[VIC] - 20260804",117632154289,"Push Notification",Push,2026-07-01,2026-07-31,418,399,159,399,399,15
19/5/2026,907638669065,"[Velocity] 4.0 - 260518",332599098823,"Push Notification",Push,2026-07-01,2026-07-31,68,65,26,65,65,2
14/7/2026,593397155053,"[Recall] HV Silent - ALL AU - 130726",827820627732,"Push Notification",Push,2026-07-01,2026-07-31,7821,7449,2979,7449,7449,216
14/7/2026,326651181738,"L&F_Recovery_Survey_Target_au",144692732189,"Push Notification",Push,2026-07-01,2026-07-31,150,143,57,143,143,24
28/7/2026,191822794867,"[Recall] LV Silent - All AU - 270726",186030223341,"Push Notification",Push,2026-07-01,2026-07-31,22776,21692,8676,21692,21692,785
21/7/2026,299016521211,"[Recall] HV Silent - ALL AU - 200726",270781840481,"Push Notification",Push,2026-07-01,2026-07-31,9811,9344,3737,9344,9344,318
16/6/2026,301324899674,"[Recall] LV Silent - All AU - 150626",637178393156,"Push Notification",Push,2026-07-01,2026-07-31,20951,19954,7981,19954,19954,735
25/7/2026,745287255910,"[Velocity] Launch - All AU PAX - 260617",154054732524,"Push Notification",Push,2026-07-01,2026-07-31,61497,58569,23427,58569,58569,1703
27/5/2026,491217631579,"State of Origin(Game 1)_QLD",980902559227,"Push Notification",Push,2026-07-01,2026-07-31,10422,9926,3970,9926,9926,365
27/5/2026,494416653462,"[Velocity] 4.0 - 260520",372962322169,"Push Notification",Push,2026-07-01,2026-07-31,112,107,42,107,107,16
15/6/2026,455459449532,"[Reactivation] - Non-PFT - NTL 150626",553879631789,"Push Notification",Push,2026-07-01,2026-07-31,254,242,96,242,242,10
22/6/2026,403931079205,"[FIFA WC] USA Winners - 260622",401483542629,"Push Notification",Push,2026-07-01,2026-07-31,5764,5490,2196,5490,5490,1250
15/6/2026,494416653462,"[Velocity] 4.0 - 260520",372962322169,"Push Notification",Push,2026-07-01,2026-07-31,71,68,27,68,68,5
21/5/2026,901850740731,"[Velocity] Launch - SYD - 260518",856313761342,"Push Notification",Push,2026-07-01,2026-07-31,20482,19507,7802,19507,19507,633
23/7/2026,781973046677,"[CAN] - 20260720",591041461950,"Push Notification",Push,2026-07-01,2026-07-31,12,12,4,12,12,0
8/8/2026,326651181738,"L&F_Recovery_Survey_Target_au",144692732189,"Push Notification",Push,2026-07-01,2026-07-31,120,115,46,115,115,11
13/7/2026,910557600010,"[CAN] - 20260710",837314103178,"Push Notification",Push,2026-07-01,2026-07-31,13,13,5,13,13,1
7/6/2026,494416653462,"[Velocity] 4.0 - 260520",372962322169,"Push Notification",Push,2026-07-01,2026-07-31,81,78,31,78,78,5
6/8/2026,413965021772,"[VIC] - 20260804",955511581311,"Push Notification",Push,2026-07-01,2026-07-31,413,394,157,394,394,14
27/7/2026,551028008369,"[HP Grower Unclear No Demand] - SYD - 260727",148250074555,"Push Notification",Push,2026-07-01,2026-07-31,10587,10084,4032,10084,10084,328
31/5/2026,494416653462,"[Velocity] 4.0 - 260520",372962322169,"Push Notification",Push,2026-07-01,2026-07-31,102,98,39,98,98,12
17/7/2026,589821655123,"[_off]BNE/GC_Growth_0715-0719",239403176370,"Push Notification",Push,2026-07-01,2026-07-31,37251,35478,14191,35478,35478,1031
3/7/2026,620462071447,"[Re-active] - SYD - 260629",477737860856,"Push Notification",Push,2026-07-01,2026-07-31,12427,11836,4734,11836,11836,289
21/7/2026,843291526219,"[HV Recall] - Churned - ADL/CBR/PER/SYD - 200726",139302028874,"Push Notification",Push,2026-07-01,2026-07-31,5557,5293,2117,5293,5293,190
16/6/2026,457176245017,"[Travel_NonPFT] Top6_0615-0621",350739055880,"Push Notification",Push,2026-07-01,2026-07-31,7893,7518,3007,7518,7518,234
18/7/2026,326651181738,"L&F_Recovery_Survey_Target_au",144692732189,"Push Notification",Push,2026-07-01,2026-07-31,119,114,45,114,114,20
21/5/2026,622774146049,"[Velocity] Launch - ADL - 260518",975218349493,"Push Notification",Push,2026-07-01,2026-07-31,4723,4499,1799,4499,4499,142
18/5/2026,887002909338,"[LV Recall] - Churned - ADL/PER/MEL - 180526",618859373365,"Push Notification",Push,2026-07-01,2026-07-31,10644,10138,4054,10138,10138,404
18/5/2026,652623657152,"[Reactivation] - Non-PFT - NTL 180526",110333791414,"Push Notification",Push,2026-07-01,2026-07-31,270,258,103,258,258,17
11/8/2026,849431097248,"[Recall] HV Silent - ALL AU - 1008726",994117344750,"Push Notification",Push,2026-07-01,2026-07-31,10144,9661,3864,9661,9661,265
5/8/2026,565978519733,"[CAN] - 20260804",162278808363,"Push Notification",Push,2026-07-01,2026-07-31,8,8,3,8,8,1
7/7/2026,888706507870,"[Survey] ADL Airport Pick-up - PCAA+PCBA",187321570119,"Push Notification",Push,2026-07-01,2026-07-31,79,76,30,76,76,6
4/7/2026,564884905186,"[Welcomepack] Brisbane - 010726 - 310826",948302357642,"Push Notification",Push,2026-07-01,2026-07-31,1,1,0,1,1,0
1/7/2026,605475721206,"[Welcomepack] Newcastle - 010726-310726",799844537109,"Push Notification",Push,2026-07-01,2026-07-31,1,1,0,1,1,0
23/7/2026,881101851048,"[VIC] - 20260720",686391895628,"Push Notification",Push,2026-07-01,2026-07-31,476,454,181,454,454,15
18/5/2026,592663234832,"[Welcomepack] Canberra - 270326 - 310526",327297956088,"Push Notification",Push,2026-07-01,2026-07-31,1,1,0,1,1,1
19/5/2026,909568909693,"[HV Recall] - Churned - ADL/MEL/PER/ROA - 180526",449948230900,"Push Notification",Push,2026-07-01,2026-07-31,7363,7013,2805,7013,7013,265
14/7/2026,735618825733,"[VIC] - 20260709",690978125024,"Push Notification",Push,2026-07-01,2026-07-31,721,687,274,687,687,34
4/8/2026,853853003149,"[HV Recall] - Churned - MEL/SYD - 030826",366264880876,"Push Notification",Push,2026-07-01,2026-07-31,5550,5286,2114,5286,5286,168
10/6/2026,494416653462,"[Velocity] 4.0 - 260520",372962322169,"Push Notification",Push,2026-07-01,2026-07-31,82,79,31,79,79,10
7/5/2026,164891404099,"ANZ Item Recover Survey 0427-0503",396595529036,"Push Notification",Push,2026-07-01,2026-07-31,789,752,300,752,752,179
2/7/2026,396237798717,"[Welcomepack] Melbourne - 010726 - 310826",198381941222,"Push Notification",Push,2026-07-01,2026-07-31,1,1,0,1,1,0
12/8/2026,488130280159,"EKKA BNE",853896334991,"Push Notification",Push,2026-07-01,2026-07-31,81609,77723,31089,77723,77723,1742
5/7/2026,564884905186,"[Welcomepack] Brisbane - 010726 - 310826",405872321886,"Push Notification",Push,2026-07-01,2026-07-31,1,1,0,1,1,0
16/7/2026,353872672811,"[Welcomepack] Melbourne - 150726 - 310826",666244286120,"Push Notification",Push,2026-07-01,2026-07-31,1,1,0,1,1,0
22/7/2026,379358154481,"[Welcomepack] Canberra - 010726 - 310826",945779548228,"Push Notification",Push,2026-07-01,2026-07-31,1,1,0,1,1,0